YEAR,MO,DY,ALLSKY_SFC_SW_DWN,CLRSKY_SFC_SW_DWN,ALLSKY_KT,ALLSKY_SFC_LW_DWN,ALLSKY_SFC_PAR_TOT,CLRSKY_SFC_PAR_TOT,ALLSKY_SFC_UVA,ALLSKY_SFC_UVB,ALLSKY_SFC_UV_INDEX,WS2M,T2M,TS,T2M_RANGE
2021,1,1,7.4,7.69,0.69,406.35,144.53,148.61,18.9,0.59,3.14,3.8,27.49,29.23,-266.42
2021,1,2,7.3,7.84,0.68,402.27,142.75,151.13,18.94,0.6,3.22,3.39,27.58,29.4,-266.1
2021,1,3,7.39,7.83,0.69,402.82,143.85,150.23,19.02,0.59,3.18,3.58,27.71,29.46,-266.12
2021,1,4,6.67,7.73,0.62,411.95,132.48,150.38,17.83,0.58,3.08,3.99,27.4,29.08,-267.18
2021,1,5,7.49,7.78,0.7,394.5,145.04,148.89,18.95,0.59,3.18,3.76,27.39,29.19,-266.03
2021,1,6,7.03,7.64,0.65,403.39,136.91,146.26,17.9,0.58,3.09,3.64,27.7,29.41,-265.65
2021,1,7,7.11,7.72,0.66,405.93,139.0,148.52,18.29,0.58,3.12,3.89,27.98,29.73,-266.15
2021,1,8,7.19,7.68,0.66,405.21,140.66,148.09,18.47,0.59,3.19,3.81,28.01,29.85,-266.92
2021,1,9,7.18,7.71,0.66,404.09,140.3,148.48,18.52,0.59,3.16,3.72,28.02,29.87,-265.99
2021,1,10,6.15,7.65,0.57,407.87,121.52,147.61,16.41,0.52,2.73,3.76,28.05,29.86,-266.35
2021,1,11,6.44,7.62,0.59,411.74,127.59,147.61,17.09,0.55,2.87,3.53,27.75,29.56,-266.65
2021,1,12,6.58,7.79,0.61,410.71,130.11,150.67,17.61,0.55,2.92,3.3,27.43,29.32,-266.41
2021,1,13,5.43,7.76,0.5,421.48,109.12,150.45,15.3,0.5,2.64,3.2,27.14,29.02,-266.6
2021,1,14,6.03,7.79,0.55,417.48,120.14,150.63,16.52,0.55,2.94,4.0,27.62,29.4,-266.77
2021,1,15,7.03,7.94,0.65,400.88,137.37,152.19,18.5,0.6,3.2,3.87,27.23,28.8,-267.74
2021,1,16,7.53,7.97,0.7,395.44,146.05,152.32,19.37,0.61,3.28,3.91,27.34,29.26,-265.88
2021,1,17,7.12,7.84,0.66,405.56,139.96,151.3,18.79,0.6,3.2,4.39,27.27,29.11,-266.67
2021,1,18,6.82,7.88,0.62,411.24,134.9,152.48,18.24,0.6,3.27,4.02,27.23,29.02,-266.83
2021,1,19,6.96,7.84,0.64,411.92,138.54,152.93,18.74,0.61,3.24,3.8,27.31,29.05,-266.69
2021,1,20,5.59,7.8,0.52,411.63,112.46,151.57,15.76,0.51,2.66,4.02,27.27,29.15,-266.57
2021,1,21,6.5,7.82,0.6,412.23,129.73,152.05,17.77,0.58,3.05,4.36,27.2,28.83,-267.48
2021,1,22,6.4,7.75,0.59,408.38,126.93,149.77,17.2,0.55,2.89,4.22,27.26,28.84,-266.84
2021,1,23,6.17,7.66,0.57,410.73,123.67,149.48,16.93,0.57,3.09,4.51,26.83,27.96,-268.42
2021,1,24,6.48,7.79,0.59,415.74,129.23,151.74,17.6,0.56,2.97,4.11,27.02,28.53,-267.13
2021,1,25,6.97,7.89,0.64,401.44,137.1,151.97,18.41,0.6,3.18,4.33,27.08,28.42,-267.95
2021,1,26,6.33,7.8,0.59,409.62,126.24,151.2,17.29,0.57,2.99,3.86,26.78,28.14,-267.77
2021,1,27,6.22,7.71,0.57,419.12,124.65,150.69,16.98,0.56,3.02,3.62,26.48,28.03,-267.49
2021,1,28,7.07,7.72,0.65,411.13,140.23,150.35,18.66,0.6,3.25,3.66,27.17,28.74,-266.81
2021,1,29,4.92,7.74,0.45,414.61,100.97,150.95,14.4,0.47,2.45,3.66,27.38,28.74,-267.14
2021,1,30,6.6,7.64,0.61,411.68,131.36,148.41,17.58,0.56,2.98,3.75,27.52,29.01,-266.8
2021,1,31,5.81,7.57,0.53,408.84,115.5,145.76,15.54,0.51,2.69,3.92,27.55,29.15,-266.77
2021,2,1,6.03,7.71,0.55,406.32,120.12,149.09,16.3,0.55,2.91,3.75,27.52,28.65,-267.35
2021,2,2,6.56,7.77,0.6,406.23,129.89,149.8,17.44,0.57,3.02,3.87,27.57,28.84,-267.04
2021,2,3,6.67,7.77,0.62,404.09,131.47,149.68,17.57,0.59,3.2,3.55,27.58,29.22,-266.26
2021,2,4,6.55,7.78,0.6,407.35,129.81,150.52,17.52,0.59,3.21,3.46,27.43,28.87,-266.69
2021,2,5,7.39,7.92,0.68,401.66,144.88,152.36,19.25,0.63,3.39,3.75,27.64,29.29,-265.87
2021,2,6,7.54,7.88,0.7,400.34,147.87,151.84,19.53,0.64,3.49,3.45,27.98,29.92,-265.44
2021,2,7,6.96,7.9,0.64,405.31,137.18,151.99,18.44,0.62,3.32,3.57,27.78,29.79,-265.35
2021,2,8,7.43,7.86,0.69,398.31,144.52,150.46,18.94,0.62,3.4,3.38,28.19,30.08,-265.56
2021,2,9,7.41,7.88,0.68,403.27,144.7,151.15,19.07,0.63,3.45,3.23,27.86,29.94,-265.32
2021,2,10,6.7,7.74,0.62,415.32,133.37,150.71,17.91,0.61,3.34,3.5,27.87,29.72,-266.29
2021,2,11,6.58,7.78,0.61,421.12,131.77,152.12,17.91,0.61,3.3,4.29,27.98,29.68,-267.21
2021,2,12,6.74,7.79,0.62,416.09,134.36,151.8,18.08,0.61,3.35,3.99,27.91,29.83,-266.52
2021,2,13,6.53,7.74,0.6,424.45,131.48,151.45,17.83,0.6,3.28,4.48,27.51,29.26,-266.67
2021,2,14,5.81,7.71,0.54,427.62,117.34,150.72,16.28,0.56,3.05,3.74,27.84,29.68,-265.67
2021,2,15,6.2,7.73,0.57,424.94,124.76,151.07,17.18,0.59,3.2,3.59,28.04,29.56,-266.17
2021,2,16,7.13,7.79,0.66,415.41,141.14,151.23,18.87,0.64,3.48,3.64,27.83,29.02,-267.17
2021,2,17,6.49,7.79,0.6,412.81,129.34,151.03,17.67,0.61,3.34,3.62,27.6,28.62,-266.92
2021,2,18,7.2,7.94,0.66,400.7,141.07,152.35,18.89,0.63,3.4,3.09,27.73,29.19,-265.22
2021,2,19,6.84,7.9,0.63,402.64,134.52,151.96,18.21,0.62,3.35,3.39,27.73,29.47,-264.46
2021,2,20,7.32,7.84,0.68,403.46,142.98,150.2,18.93,0.63,3.41,3.69,28.04,29.84,-265.87
2021,2,21,7.34,7.79,0.68,405.45,143.48,149.65,18.98,0.63,3.43,3.92,28.11,29.91,-266.46
2021,2,22,7.47,7.79,0.7,398.88,146.02,149.8,19.2,0.63,3.48,3.72,27.83,29.61,-265.97
2021,2,23,6.41,7.66,0.59,413.87,127.34,148.1,17.16,0.59,3.16,3.31,28.03,29.8,-265.27
2021,2,24,7.22,7.62,0.67,409.09,142.38,147.7,18.7,0.62,3.48,3.37,28.07,29.83,-266.32
2021,2,25,6.45,7.58,0.6,412.59,128.23,147.16,17.19,0.58,3.14,2.95,27.33,28.57,-268.34
2021,2,26,4.71,7.54,0.44,425.34,96.8,146.78,13.61,0.49,2.7,3.02,27.19,28.77,-266.95
2021,2,27,3.09,7.54,0.29,427.98,66.83,147.8,9.95,0.36,1.9,3.25,27.17,28.72,-267.17
2021,2,28,6.15,7.65,0.57,418.16,124.33,150.01,17.05,0.58,3.15,3.77,27.04,28.51,-267.32
2021,3,1,4.88,7.62,0.45,424.34,101.16,150.06,14.42,0.51,2.7,4.27,26.96,27.94,-267.3
2021,3,2,6.93,7.79,0.65,412.41,137.94,151.55,18.6,0.63,3.43,3.84,27.41,28.56,-266.45
2021,3,3,7.03,7.41,0.66,408.46,138.08,143.24,17.88,0.58,3.16,4.04,27.48,28.87,-266.91
2021,3,4,6.08,7.54,0.57,421.38,122.9,147.77,16.82,0.57,3.04,4.45,27.48,28.9,-267.35
2021,3,5,6.73,7.45,0.63,410.66,133.51,145.15,17.68,0.58,3.16,4.07,27.3,28.65,-267.28
2021,3,6,6.64,7.45,0.62,408.01,130.62,143.65,17.25,0.56,3.02,3.38,27.79,29.24,-266.0
2021,3,7,7.14,7.44,0.67,403.8,138.93,142.63,17.98,0.56,3.05,3.01,28.07,29.65,-266.13
2021,3,8,7.03,7.61,0.66,404.86,137.45,146.1,18.11,0.58,3.13,2.98,27.98,29.51,-265.84
2021,3,9,6.76,7.59,0.64,412.79,133.55,146.62,17.79,0.56,2.99,3.25,27.94,29.5,-265.71
2021,3,10,7.19,7.56,0.68,406.71,140.95,145.67,18.54,0.56,2.99,3.36,27.95,29.56,-265.49
2021,3,11,6.72,7.34,0.64,415.56,131.98,141.28,17.38,0.53,2.81,3.82,28.15,29.68,-266.15
2021,3,12,7.35,7.57,0.7,407.17,143.8,145.96,18.8,0.59,3.15,3.94,27.98,29.45,-266.27
2021,3,13,6.98,7.71,0.66,410.82,137.68,148.7,18.46,0.55,2.9,3.87,27.68,29.3,-266.35
2021,3,14,6.61,7.46,0.63,400.46,128.59,142.24,16.98,0.52,2.67,3.8,28.18,29.67,-265.19
2021,3,15,6.7,7.49,0.64,405.76,131.33,143.95,17.52,0.55,2.95,3.66,27.32,29.04,-266.59
2021,3,16,6.96,7.71,0.66,398.62,135.95,147.62,18.15,0.59,3.22,3.73,27.3,29.1,-265.6
2021,3,17,7.37,7.66,0.7,400.14,144.38,147.63,19.1,0.62,3.37,3.18,27.67,29.41,-265.41
2021,3,18,4.23,7.37,0.41,424.13,88.33,144.23,12.71,0.42,2.18,3.05,27.48,29.02,-266.34
2021,3,19,6.98,7.38,0.67,408.1,137.66,143.11,18.14,0.57,3.08,3.74,27.85,29.3,-266.49
2021,3,20,7.0,7.56,0.67,411.6,137.76,145.93,18.34,0.57,3.05,4.06,27.71,29.19,-266.37
2021,3,21,6.59,7.46,0.64,412.23,131.64,145.79,17.72,0.56,3.04,3.45,26.96,28.61,-266.62
2021,3,22,7.1,7.52,0.69,403.65,140.5,146.16,18.66,0.59,3.21,2.74,27.46,29.26,-266.06
2021,3,23,6.81,7.42,0.66,414.2,135.91,145.34,18.18,0.57,3.04,3.06,27.63,29.38,-266.24
2021,3,24,5.66,7.33,0.55,426.12,115.05,144.51,15.89,0.48,2.46,3.95,27.26,28.73,-267.16
2021,3,25,6.71,7.37,0.66,409.92,132.81,143.25,17.78,0.53,2.79,4.05,27.53,28.85,-266.66
2021,3,26,6.27,7.3,0.62,413.16,125.41,142.88,17.0,0.52,2.71,4.13,27.05,28.19,-267.69
2021,3,27,5.22,7.29,0.52,422.16,106.73,143.84,15.02,0.48,2.52,3.16,27.13,28.36,-267.52
2021,3,28,4.86,7.25,0.48,423.34,100.41,143.38,14.32,0.47,2.44,2.41,27.59,28.96,-266.13
2021,3,29,6.45,7.25,0.63,415.83,129.61,143.02,17.44,0.55,2.91,2.61,27.8,29.1,-266.16
2021,3,30,6.07,7.1,0.6,415.09,120.8,138.45,16.23,0.52,2.76,2.84,27.83,29.04,-266.47
2021,3,31,6.49,6.89,0.64,411.24,126.04,131.88,16.23,0.5,2.66,2.84,28.05,29.29,-266.0
2021,4,1,6.71,7.12,0.66,407.7,131.04,137.37,17.15,0.52,2.75,3.21,28.18,29.15,-266.64
2021,4,2,6.99,7.18,0.7,401.68,135.52,137.72,17.59,0.52,2.73,2.93,27.73,29.06,-266.16
2021,4,3,5.29,6.92,0.53,418.75,105.84,135.01,14.34,0.44,2.29,3.4,27.58,29.0,-266.02
2021,4,4,5.97,7.0,0.6,419.87,119.18,137.16,15.98,0.48,2.49,3.53,27.67,28.94,-267.59
2021,4,5,6.72,7.15,0.67,405.39,131.2,137.81,17.21,0.52,2.7,3.95,27.51,28.66,-266.73
2021,4,6,6.16,7.14,0.62,400.98,119.71,136.68,15.99,0.48,2.5,3.79,27.34,28.65,-266.1
2021,4,7,6.62,6.94,0.67,407.82,128.41,133.23,16.67,0.5,2.62,3.95,27.69,28.99,-265.5
2021,4,8,6.59,6.93,0.67,409.38,128.95,134.2,16.85,0.5,2.64,4.48,27.58,28.83,-267.16
2021,4,9,5.38,6.92,0.55,420.12,107.43,134.66,14.6,0.44,2.23,4.47,27.71,28.67,-267.1
2021,4,10,4.01,6.77,0.41,429.26,83.09,133.18,11.91,0.38,1.95,4.16,27.15,27.82,-268.53
2021,4,11,4.87,6.71,0.5,420.21,98.91,132.14,13.73,0.43,2.22,3.26,26.26,26.8,-270.22
2021,4,12,4.93,6.67,0.51,423.09,99.87,130.88,13.68,0.42,2.2,3.15,26.67,27.15,-268.74
2021,4,13,5.29,6.72,0.55,421.53,106.69,132.14,14.54,0.45,2.3,2.85,26.9,27.71,-268.05
2021,4,14,5.39,6.69,0.55,422.23,108.66,132.09,14.81,0.45,2.35,2.92,27.05,27.8,-267.78
2021,4,15,2.97,6.67,0.3,428.09,63.07,131.74,9.27,0.29,1.48,3.34,26.37,27.04,-269.9
2021,4,16,5.63,6.65,0.59,419.2,112.42,130.59,15.09,0.45,2.38,3.03,26.36,26.98,-269.08
2021,4,17,5.1,6.62,0.53,425.38,103.41,130.55,14.16,0.45,2.34,3.09,26.96,27.71,-267.88
2021,4,18,3.21,6.62,0.34,427.22,67.95,130.67,9.98,0.31,1.59,2.86,26.32,27.09,-269.34
2021,4,19,5.52,6.67,0.58,417.54,110.68,131.26,14.91,0.45,2.36,2.24,26.83,27.49,-267.84
2021,4,20,6.06,6.68,0.64,414.29,120.66,131.14,15.98,0.48,2.52,2.12,26.87,27.75,-267.35
2021,4,21,6.41,6.63,0.68,410.41,126.77,130.04,16.59,0.51,2.7,2.31,27.41,28.3,-266.24
2021,4,22,6.14,6.58,0.65,411.34,121.75,129.05,15.99,0.49,2.65,2.52,27.5,28.46,-266.52
2021,4,23,5.91,6.64,0.63,413.41,117.29,130.02,15.55,0.48,2.51,2.61,27.42,28.33,-266.8
2021,4,24,6.42,6.64,0.69,408.3,126.12,129.43,16.51,0.48,2.58,2.9,27.24,28.07,-267.02
2021,4,25,5.94,6.66,0.64,415.05,117.62,129.96,15.64,0.47,2.43,2.79,27.33,28.12,-266.8
2021,4,26,5.97,6.6,0.64,409.77,117.97,128.84,15.72,0.47,2.44,2.97,27.4,28.47,-266.53
2021,4,27,6.22,6.64,0.67,410.75,122.7,129.66,16.16,0.48,2.52,3.03,27.44,28.66,-267.2
2021,4,28,5.98,6.48,0.65,417.35,118.49,127.07,15.61,0.47,2.46,3.52,26.96,28.05,-267.76
2021,4,29,5.61,6.52,0.61,419.32,110.43,126.71,14.79,0.45,2.32,3.49,27.21,28.14,-267.53
2021,4,30,5.43,6.48,0.59,417.96,107.54,126.85,14.51,0.43,2.22,4.59,26.94,27.83,-268.13
2021,5,1,5.98,6.47,0.66,414.13,117.31,126.01,15.46,0.45,2.34,4.1,26.88,27.6,-267.86
2021,5,2,3.98,6.35,0.44,421.68,81.3,124.6,11.56,0.35,1.77,2.82,26.88,27.7,-268.17
2021,5,3,5.21,6.35,0.57,421.38,104.31,125.25,14.09,0.41,2.13,3.02,26.01,26.65,-269.54
2021,5,4,4.43,6.38,0.49,418.06,89.79,125.8,12.67,0.38,1.9,2.57,25.9,26.62,-269.33
2021,5,5,3.84,6.36,0.42,421.33,79.36,125.19,11.3,0.33,1.65,2.69,25.98,26.75,-268.28
2021,5,6,5.48,6.42,0.61,411.3,108.3,125.41,14.57,0.42,2.17,2.87,26.19,27.05,-267.88
2021,5,7,5.86,6.38,0.66,409.27,115.34,124.52,15.16,0.43,2.21,2.59,26.55,27.44,-267.77
2021,5,8,5.74,6.29,0.64,411.23,112.75,122.5,14.74,0.41,2.16,3.46,26.69,27.55,-267.81
2021,5,9,5.14,6.31,0.58,416.39,102.3,124.02,13.85,0.41,2.13,4.21,26.52,27.33,-268.26
2021,5,10,5.56,6.3,0.62,412.02,110.12,123.4,14.61,0.42,2.22,4.37,26.19,27.01,-268.16
2021,5,11,5.25,6.28,0.59,414.05,104.29,122.71,13.96,0.41,-999.0,4.13,26.49,27.19,-267.57
2021,5,12,5.37,6.09,0.61,419.44,106.56,119.58,14.15,0.4,2.04,3.88,26.5,27.17,-268.13
2021,5,13,0.71,6.03,0.08,426.21,15.86,119.66,2.48,0.07,0.35,3.62,26.2,26.5,-269.86
2021,5,14,3.65,6.14,0.41,420.25,75.02,121.38,10.72,0.32,1.63,3.81,25.91,26.08,-270.66
2021,5,15,5.68,6.21,0.65,405.27,111.33,120.59,14.69,0.42,2.2,4.03,25.79,26.04,-269.23
2021,5,16,6.0,6.2,0.69,401.77,117.42,120.73,15.24,0.43,2.24,3.7,25.64,25.96,-268.78
2021,5,17,5.33,6.22,0.61,412.94,105.09,121.1,14.02,0.41,2.13,3.52,25.79,26.18,-267.88
2021,5,18,3.98,6.1,0.46,425.8,81.34,119.73,11.27,0.33,1.7,3.26,25.97,26.47,-268.17
2021,5,19,5.26,6.06,0.61,423.34,104.77,119.12,13.9,0.4,2.06,2.52,25.89,26.49,-268.27
2021,5,20,5.92,6.04,0.69,410.73,116.29,118.29,14.96,0.41,2.13,2.45,26.06,26.55,-268.24
2021,5,21,5.26,6.09,0.61,415.25,103.62,118.86,13.73,0.38,1.98,3.24,25.94,26.38,-268.81
2021,5,22,6.11,6.24,0.71,388.59,117.41,119.32,15.13,0.44,2.3,3.02,25.81,25.98,-268.02
2021,5,23,5.27,6.13,0.62,400.73,102.63,118.21,13.59,0.4,2.09,3.02,25.97,26.02,-267.65
2021,5,24,5.93,6.14,0.7,398.42,114.73,118.29,14.84,0.43,2.24,2.95,25.96,26.08,-267.75
2021,5,25,5.92,6.02,0.7,396.91,113.63,115.24,14.48,0.41,2.22,2.73,25.95,26.15,-267.11
2021,5,26,5.73,6.12,0.67,405.95,110.88,117.88,14.47,0.43,2.3,3.88,26.16,26.32,-267.49
2021,5,27,4.09,6.03,0.48,425.98,81.23,117.53,11.25,0.34,1.77,4.02,25.76,26.08,-268.44
2021,5,28,3.32,6.02,0.39,427.74,68.03,116.98,9.7,0.3,1.55,3.55,25.58,25.92,-268.45
2021,5,29,5.8,6.03,0.69,399.18,112.23,116.1,14.48,0.41,2.11,3.28,25.65,25.8,-267.46
2021,5,30,4.36,5.84,0.52,423.32,87.47,114.88,11.88,0.34,1.74,3.48,25.82,26.26,-267.62
2021,5,31,4.34,5.88,0.52,425.18,86.73,115.59,11.81,0.34,1.77,3.34,25.84,26.28,-269.12
2021,6,1,5.74,5.88,0.69,399.75,111.09,113.52,14.23,0.39,2.05,2.89,25.55,25.74,-268.75
2021,6,2,5.49,5.95,0.66,400.57,107.55,115.77,13.99,0.39,2.04,3.34,25.37,25.62,-268.2
2021,6,3,5.35,5.94,0.64,406.12,104.66,115.3,13.73,0.38,1.93,3.45,25.26,25.9,-268.47
2021,6,4,5.63,5.83,0.67,402.59,109.41,113.04,14.09,0.38,2.02,3.87,25.71,26.11,-268.35
2021,6,5,5.03,5.8,0.6,410.98,99.35,113.23,13.11,0.38,1.98,3.45,25.53,25.95,-268.29
2021,6,6,5.05,5.82,0.61,416.38,99.67,113.94,13.16,0.37,1.93,3.95,25.43,25.82,-268.99
2021,6,7,4.59,5.83,0.55,418.52,91.38,114.02,12.38,0.35,1.86,3.25,25.47,26.02,-267.98
2021,6,8,3.04,5.81,0.37,422.68,63.0,114.1,9.05,0.26,1.32,3.34,25.3,25.83,-268.67
2021,6,9,4.94,5.84,0.59,411.97,96.99,113.54,12.87,0.36,1.9,3.51,25.58,25.97,-268.21
2021,6,10,5.07,5.85,0.61,399.74,98.62,112.91,12.9,0.34,1.78,3.56,25.57,26.04,-268.28
2021,6,11,5.22,5.85,0.63,401.04,101.88,113.41,13.29,0.37,1.9,3.25,25.45,25.85,-267.36
2021,6,12,5.85,5.84,0.71,387.3,111.62,111.29,14.05,0.39,2.05,3.18,25.27,25.76,-266.49
2021,6,13,5.46,5.84,0.66,395.37,105.56,112.57,13.62,0.38,1.98,3.17,25.28,25.93,-266.65
2021,6,14,3.74,5.77,0.45,421.2,76.52,113.84,10.66,0.3,1.57,3.52,25.4,26.05,-267.91
2021,6,15,4.71,5.75,0.57,416.73,94.48,113.65,12.66,0.35,1.84,2.97,25.37,26.07,-268.26
2021,6,16,5.11,5.76,0.62,413.4,101.41,113.3,13.35,0.38,1.99,3.56,25.58,26.26,-267.97
2021,6,17,5.0,5.76,0.61,416.03,100.2,114.15,13.21,0.38,1.97,3.59,25.83,26.48,-268.04
2021,6,18,3.17,5.73,0.38,430.15,65.7,113.44,9.39,0.27,1.42,4.36,25.0,25.59,-269.09
2021,6,19,3.74,5.72,0.45,419.46,76.14,113.05,10.59,0.3,1.54,4.07,25.24,25.83,-268.82
2021,6,20,4.26,5.77,0.52,414.83,85.98,114.01,11.64,0.32,1.69,2.7,25.44,25.98,-268.5
2021,6,21,5.57,5.83,0.68,397.73,108.55,113.29,13.96,0.38,1.94,3.15,25.43,25.77,-268.9
2021,6,22,4.55,5.77,0.55,408.52,89.51,111.84,12.01,0.33,1.7,2.83,25.47,25.91,-267.88
2021,6,23,5.27,5.81,0.64,399.62,102.93,112.58,13.46,0.37,1.9,3.3,25.36,25.8,-268.49
2021,6,24,2.99,5.7,0.37,422.83,62.09,112.06,8.95,0.25,1.3,3.49,24.8,25.29,-269.06
2021,6,25,5.37,5.79,0.66,403.96,105.3,113.05,13.71,0.37,1.91,4.45,24.79,25.27,-268.42
2021,6,26,5.26,5.91,0.64,395.3,102.29,114.27,13.36,0.37,1.9,4.18,24.58,25.18,-267.44
2021,6,27,3.62,5.87,0.44,416.62,73.45,114.43,10.33,0.3,1.54,4.45,24.26,24.84,-268.9
2021,6,28,5.59,5.98,0.68,394.92,108.54,115.43,14.12,0.39,2.03,4.05,24.5,24.95,-267.41
2021,6,29,4.31,5.88,0.52,407.02,84.55,113.35,11.47,0.32,1.66,3.59,24.23,24.76,-267.74
2021,6,30,3.75,5.68,0.45,423.4,77.02,112.51,10.84,0.3,1.6,2.78,24.33,24.58,-270.51
2021,7,1,4.24,5.76,0.52,424.36,85.83,114.08,11.83,0.33,1.72,3.47,25.15,25.18,-269.15
2021,7,2,5.34,5.82,0.65,406.31,104.73,113.53,13.67,0.38,1.94,3.73,25.17,25.38,-268.61
2021,7,3,4.34,5.85,0.52,412.21,86.62,114.63,11.75,0.34,1.73,3.77,24.69,25.06,-269.1
2021,7,4,5.73,5.88,0.7,391.56,111.2,113.73,14.23,0.39,2.02,3.05,24.81,24.83,-268.12
2021,7,5,4.7,5.86,0.56,404.98,92.44,113.55,12.27,0.34,1.8,3.38,24.69,24.95,-268.12
2021,7,6,5.48,5.92,0.66,393.73,106.65,114.66,13.82,0.38,1.97,3.58,24.79,25.13,-268.77
2021,7,7,5.67,5.93,0.68,389.93,109.91,114.56,14.17,0.39,2.05,3.52,24.74,25.06,-268.17
2021,7,8,5.16,5.87,0.62,400.33,101.18,114.24,13.27,0.36,1.85,3.55,24.78,24.99,-268.16
2021,7,9,5.45,5.83,0.66,398.1,106.46,113.38,13.82,0.38,1.95,3.12,25.11,25.43,-268.08
2021,7,10,4.76,5.77,0.57,408.79,94.26,113.32,12.52,0.34,1.79,3.39,24.8,25.19,-268.67
2021,7,11,5.29,5.85,0.63,401.91,103.12,113.43,13.49,0.37,1.92,3.57,25.07,25.4,-268.33
2021,7,12,5.6,5.86,0.67,400.69,109.26,113.8,14.06,0.38,2.02,4.06,25.26,25.46,-269.12
2021,7,13,5.16,5.88,0.62,399.09,100.62,113.93,13.23,0.38,1.94,3.74,25.23,25.41,-268.25
2021,7,14,5.4,5.78,0.64,404.52,106.08,112.99,13.83,0.39,2.03,3.88,25.11,25.45,-268.42
2021,7,15,5.62,5.85,0.66,405.37,110.02,114.07,14.25,0.4,2.09,3.85,25.14,25.49,-268.57
2021,7,16,3.26,5.88,0.38,421.37,67.52,115.37,9.66,0.28,1.46,3.27,25.13,25.58,-268.4
2021,7,17,3.36,5.85,0.4,422.3,69.23,115.05,9.78,0.28,-999.0,3.89,24.76,25.12,-270.31
2021,7,18,5.48,5.99,0.65,407.73,107.89,117.23,14.12,0.39,2.02,3.39,25.24,25.58,-268.38
2021,7,19,4.39,6.03,0.52,410.18,88.14,118.05,12.01,0.34,1.77,3.27,24.76,25.21,-268.47
2021,7,20,4.92,6.07,0.58,402.15,96.4,117.52,12.86,0.38,1.95,3.58,24.99,25.2,-268.86
2021,7,21,4.2,6.05,0.49,415.28,83.66,117.92,11.6,0.34,1.75,4.13,24.6,24.9,-269.06
2021,7,22,5.71,6.06,0.66,399.78,110.52,116.62,14.3,0.41,2.1,4.59,24.66,24.86,-268.88
2021,7,23,4.54,6.08,0.53,408.55,90.08,118.54,12.25,0.35,1.8,4.4,24.45,24.67,-268.82
2021,7,24,6.05,6.22,0.7,390.45,116.55,119.26,15.02,0.41,2.14,4.35,24.42,24.69,-268.16
2021,7,25,4.99,6.14,0.58,410.13,98.42,119.57,13.21,0.38,1.97,3.95,24.73,25.17,-268.62
2021,7,26,5.3,6.12,0.61,408.48,103.83,118.84,13.69,0.39,2.03,3.59,24.93,25.18,-267.92
2021,7,27,5.68,6.11,0.66,403.91,111.25,118.85,14.51,0.42,2.24,2.99,24.9,25.24,-268.07
2021,7,28,5.92,6.24,0.68,394.75,115.41,120.91,15.01,0.45,2.36,2.8,25.12,25.43,-267.54
2021,7,29,6.02,6.25,0.69,390.48,116.75,120.62,15.05,0.42,2.21,2.36,25.19,25.64,-266.77
2021,7,30,4.32,6.19,0.49,403.8,84.97,118.95,11.62,0.34,1.75,3.46,24.99,25.44,-267.8
2021,7,31,5.6,6.03,0.64,404.94,109.37,116.97,14.12,0.41,2.12,5.11,25.18,25.54,-268.6
2021,8,1,5.41,6.22,0.62,405.31,106.52,120.98,14.18,0.41,2.14,5.62,24.68,25.06,-268.31
2021,8,2,4.38,6.28,0.5,414.84,87.62,122.7,12.21,0.36,1.84,4.96,24.08,24.69,-267.46
2021,8,3,5.34,6.33,0.6,409.39,105.91,123.65,14.22,0.41,2.18,4.27,24.4,24.89,-268.95
2021,8,4,4.15,6.31,0.47,417.64,83.74,123.62,11.69,0.36,1.83,4.44,24.39,24.85,-268.94
2021,8,5,4.69,6.31,0.53,411.43,94.79,123.59,12.96,0.4,2.08,4.56,24.09,24.51,-269.45
2021,8,6,5.75,6.43,0.64,396.93,111.76,123.6,14.88,0.45,2.33,5.09,24.3,24.51,-268.85
2021,8,7,5.27,6.38,0.59,402.88,103.65,123.53,13.88,0.41,2.08,5.24,24.26,24.51,-268.43
2021,8,8,6.07,6.4,0.68,399.23,118.74,124.07,15.6,0.46,2.44,4.07,24.19,24.43,-268.43
2021,8,9,4.27,6.26,0.48,421.08,86.74,123.16,11.92,0.37,1.92,3.73,24.62,24.9,-269.15
2021,8,10,3.91,6.33,0.43,423.27,80.44,125.02,11.37,0.36,1.85,4.1,24.81,25.01,-269.46
2021,8,11,4.67,6.38,0.52,419.0,94.48,125.55,12.96,0.39,2.02,3.8,24.76,25.04,-269.1
2021,8,12,5.63,6.55,0.62,402.76,110.25,126.64,14.75,0.44,2.29,3.58,24.33,24.69,-268.65
2021,8,13,6.34,6.65,0.7,390.41,123.02,128.09,16.13,0.48,2.54,3.95,23.95,24.33,-268.05
2021,8,14,5.9,6.56,0.65,397.23,115.84,127.44,15.34,0.45,2.34,4.03,24.14,24.77,-267.23
2021,8,15,5.61,6.64,0.61,399.91,109.98,128.51,14.84,0.43,2.25,4.57,24.22,24.73,-268.98
2021,8,16,5.07,6.6,0.55,401.22,100.27,127.91,13.73,0.41,2.12,4.52,23.94,24.37,-268.6
2021,8,17,5.55,6.71,0.6,394.59,109.28,129.52,14.69,0.44,2.29,4.39,24.21,24.61,-267.95
2021,8,18,6.1,6.73,0.66,390.17,119.02,129.75,15.79,0.46,2.41,4.7,24.11,24.48,-268.06
2021,8,19,5.07,6.64,0.55,405.23,100.7,128.99,13.84,0.41,2.17,4.53,24.46,24.77,-268.36
2021,8,20,5.64,6.69,0.61,403.81,111.12,129.31,14.88,0.45,2.3,4.57,24.33,24.53,-268.62
2021,8,21,6.12,6.52,0.66,394.36,118.98,125.62,15.42,0.46,2.45,3.34,24.11,24.65,-268.04
2021,8,22,5.94,6.62,0.63,409.41,116.31,127.98,15.41,0.46,2.45,4.21,24.78,25.12,-268.23
2021,8,23,5.84,6.56,0.62,412.3,114.66,127.11,15.16,0.45,2.41,4.64,24.68,25.04,-269.0
2021,8,24,6.0,6.67,0.63,402.89,117.83,129.41,15.6,0.46,2.45,4.24,24.64,25.06,-268.49
2021,8,25,6.09,6.83,0.64,399.81,119.8,132.55,16.0,0.48,2.49,4.12,24.69,25.02,-268.35
2021,8,26,6.0,6.84,0.63,402.23,118.07,132.62,15.82,0.46,2.38,4.11,24.8,25.2,-268.44
2021,8,27,5.78,6.86,0.61,402.31,113.1,131.66,15.23,0.45,2.3,3.79,24.69,25.17,-267.96
2021,8,28,6.36,6.7,0.66,398.18,123.53,128.78,16.04,0.46,2.44,3.82,25.19,25.65,-268.16
2021,8,29,5.74,6.71,0.6,406.73,112.9,129.86,15.03,0.45,2.32,4.43,25.29,25.76,-268.57
2021,8,30,6.46,6.84,0.67,393.7,125.95,131.5,16.45,0.48,2.49,3.89,25.23,25.66,-267.91
2021,8,31,6.51,6.89,0.67,396.54,126.48,132.19,16.59,0.48,2.48,3.8,25.05,25.53,-267.39
2021,9,1,6.18,6.91,0.64,394.93,120.42,132.76,15.91,0.46,2.39,4.3,24.54,25.29,-268.2
2021,9,2,6.45,6.94,0.66,391.78,125.41,133.13,16.45,0.47,2.44,3.84,24.55,25.38,-267.12
2021,9,3,5.28,6.78,0.55,416.0,106.14,132.48,14.31,0.41,2.12,3.48,25.06,25.82,-267.24
2021,9,4,6.59,6.9,0.68,402.57,129.58,134.09,16.95,0.48,2.5,3.5,25.48,26.16,-267.85
2021,9,5,6.42,6.99,0.66,403.68,126.19,135.37,16.72,0.49,2.56,3.62,25.34,26.21,-268.31
2021,9,6,6.65,7.13,0.68,392.37,130.37,137.86,17.21,0.51,2.65,3.45,25.1,26.05,-267.18
2021,9,7,6.67,7.17,0.68,397.86,130.32,138.27,17.3,0.5,2.62,3.39,25.46,26.32,-266.99
2021,9,8,6.68,7.2,0.68,393.68,130.19,138.27,17.21,0.51,2.65,3.96,25.32,26.07,-267.46
2021,9,9,6.75,7.13,0.68,393.23,131.3,136.88,17.29,0.51,2.69,3.51,24.99,25.94,-266.88
2021,9,10,6.51,7.09,0.66,391.88,126.02,134.92,16.55,0.48,2.48,3.48,25.0,25.94,-266.43
2021,9,11,6.42,6.94,0.65,397.79,123.31,131.41,15.97,0.47,2.47,4.01,25.26,26.15,-267.2
2021,9,12,5.21,6.93,0.52,423.03,103.76,132.83,14.12,0.43,2.2,4.1,25.57,26.36,-267.57
2021,9,13,4.69,6.87,0.47,427.51,93.83,131.99,12.85,0.39,2.04,3.96,25.72,26.45,-267.34
2021,9,14,6.27,6.71,0.62,415.8,121.27,127.51,15.5,0.45,2.36,3.8,25.77,26.58,-266.86
2021,9,15,6.16,6.66,0.62,411.16,118.62,125.88,15.04,0.43,2.27,3.84,25.77,26.64,-267.28
2021,9,16,6.47,6.92,0.64,407.0,125.2,131.73,16.13,0.48,2.52,4.32,25.73,26.53,-267.23
2021,9,17,6.02,6.93,0.59,408.11,118.41,133.21,15.51,0.46,2.42,4.38,25.58,26.39,-267.52
2021,9,18,6.85,7.24,0.68,391.55,132.17,137.3,17.24,0.51,2.68,4.18,25.47,26.36,-267.38
2021,9,19,6.97,7.33,0.69,387.3,134.29,138.71,17.57,0.51,2.66,3.16,25.44,26.34,-266.48
2021,9,20,6.84,7.38,0.67,388.0,132.74,140.42,17.48,0.5,2.63,3.22,25.61,26.55,-266.76
2021,9,21,6.92,7.35,0.68,390.88,134.47,140.26,17.65,0.52,2.7,2.85,25.63,26.66,-265.17
2021,9,22,6.81,7.31,0.66,399.19,133.12,140.27,17.48,0.51,2.65,2.76,26.6,27.66,-264.6
2021,9,23,6.98,7.28,0.68,399.24,136.35,139.77,17.74,0.52,2.78,3.26,26.52,27.69,-266.1
2021,9,24,5.03,7.22,0.49,413.48,101.62,138.88,13.95,0.43,2.25,4.12,26.08,27.13,-266.49
2021,9,25,6.65,7.29,0.65,405.3,131.48,140.88,17.4,0.52,2.77,3.96,26.02,27.05,-266.93
2021,9,26,6.28,6.96,0.61,414.18,122.34,132.84,15.85,0.45,2.31,4.75,26.23,27.15,-267.68
2021,9,27,5.66,6.99,0.55,421.26,112.05,133.87,14.79,0.43,2.24,5.09,26.27,27.08,-267.63
2021,9,28,6.23,6.9,0.6,422.16,121.17,130.95,15.53,0.44,2.28,4.75,26.05,26.9,-267.38
2021,9,29,5.99,7.0,0.58,419.7,118.94,135.11,15.66,0.46,2.41,4.36,26.15,27.05,-267.38
2021,9,30,6.29,7.06,0.61,417.51,124.22,135.97,16.22,0.46,2.4,3.96,26.33,27.4,-267.67
2021,10,1,6.4,7.14,0.62,415.18,125.79,137.04,16.45,0.48,2.5,3.8,26.5,27.64,-267.1
2021,10,2,6.37,7.31,0.61,411.91,125.79,140.41,16.64,0.48,2.49,4.17,26.64,27.69,-267.26
2021,10,3,6.05,7.22,0.58,403.53,118.59,137.32,15.66,0.46,2.4,4.28,26.45,27.45,-267.45
2021,10,4,6.47,7.45,0.62,402.17,127.01,142.24,16.95,0.49,2.57,4.09,26.31,27.44,-266.94
2021,10,5,6.36,7.41,0.61,401.49,125.08,141.66,16.66,0.49,2.59,3.52,26.44,27.71,-266.17
2021,10,6,6.23,7.44,0.59,406.22,123.36,142.94,16.55,0.48,2.54,4.16,26.62,27.93,-266.99
2021,10,7,7.03,7.53,0.67,398.92,138.08,144.68,18.22,0.54,2.85,3.59,26.59,28.11,-265.92
2021,10,8,7.08,7.59,0.67,398.45,138.38,145.16,18.32,0.53,2.77,3.41,26.61,28.11,-265.81
2021,10,9,6.9,7.67,0.66,394.3,135.08,146.48,17.99,0.52,2.7,3.65,26.33,27.86,-266.17
2021,10,10,6.17,7.64,0.59,408.85,122.05,146.62,16.61,0.49,2.55,3.25,26.62,28.1,-265.81
2021,10,11,7.24,7.53,0.69,395.72,141.04,143.95,18.33,0.52,2.78,3.16,26.96,28.55,-265.42
2021,10,12,7.11,7.61,0.67,394.05,139.08,145.56,18.36,0.54,2.84,3.56,26.78,28.15,-265.98
2021,10,13,7.16,7.69,0.68,399.27,140.69,147.72,18.71,0.55,2.91,3.78,26.97,28.29,-266.0
2021,10,14,6.21,7.48,0.59,420.0,124.38,145.15,16.77,0.49,2.58,3.89,27.21,28.42,-266.49
2021,10,15,6.79,7.39,0.64,405.47,134.53,142.01,17.38,0.5,-999.0,4.48,27.01,28.22,-267.7
2021,10,16,4.47,7.35,0.42,421.47,91.93,141.84,12.73,0.38,1.98,4.53,27.14,28.3,-266.82
2021,10,17,7.14,7.53,0.67,405.42,139.88,144.48,18.26,0.52,2.77,3.96,27.11,28.33,-266.57
2021,10,18,6.74,7.57,0.63,411.16,133.22,145.92,17.63,0.5,2.57,3.62,27.08,28.4,-266.67
2021,10,19,6.89,7.46,0.65,407.24,136.05,144.07,17.88,0.5,2.62,3.3,27.1,28.64,-265.7
2021,10,20,7.1,7.44,0.66,404.7,138.83,142.64,18.03,0.5,2.59,3.34,27.53,29.15,-265.4
2021,10,21,6.53,7.4,0.61,414.29,129.66,143.16,17.13,0.48,2.52,3.57,27.55,29.04,-265.85
2021,10,22,6.9,7.55,0.65,411.27,136.97,146.74,18.19,0.53,2.8,3.51,27.67,29.29,-265.81
2021,10,23,6.32,7.59,0.59,416.68,127.0,147.79,17.15,0.51,2.66,4.02,27.67,29.14,-266.35
2021,10,24,7.07,7.67,0.66,402.79,139.43,147.96,18.44,0.55,2.95,4.03,27.56,28.97,-266.69
2021,10,25,7.44,7.82,0.7,394.8,145.04,149.26,19.12,0.57,3.01,4.03,27.35,28.76,-266.52
2021,10,26,6.44,7.78,0.6,408.05,128.55,150.59,17.48,0.53,2.8,4.4,27.08,28.4,-266.44
2021,10,27,6.79,7.76,0.63,408.78,135.08,150.32,18.2,0.55,2.87,4.2,26.88,28.18,-266.06
2021,10,28,7.05,7.82,0.66,403.47,138.45,149.84,18.48,0.55,2.85,4.71,26.94,28.26,-266.1
2021,10,29,5.73,7.73,0.53,411.22,115.5,149.3,15.84,0.46,2.38,4.55,26.48,27.73,-266.65
2021,10,30,7.22,7.72,0.67,399.61,141.23,147.79,18.62,0.54,2.79,4.16,26.45,27.95,-266.35
2021,10,31,5.93,7.76,0.55,414.05,118.79,150.05,16.41,0.48,2.5,3.67,26.69,28.19,-266.54
2021,11,1,6.87,7.68,0.64,409.75,136.11,148.82,18.23,0.54,2.83,3.74,26.74,28.31,-266.53
2021,11,2,6.23,7.7,0.58,415.95,125.16,149.41,17.02,0.51,2.65,3.73,27.4,28.91,-265.74
2021,11,3,6.95,7.67,0.65,409.82,138.16,149.05,18.37,0.55,2.9,3.84,27.69,29.12,-265.98
2021,11,4,7.13,7.69,0.66,407.74,140.7,148.63,18.61,0.55,2.89,4.06,27.91,29.39,-265.7
2021,11,5,7.13,7.68,0.66,407.46,140.83,148.6,18.66,0.54,2.84,3.56,27.92,29.44,-265.28
2021,11,6,6.9,7.51,0.64,409.65,135.79,144.65,17.8,0.51,2.66,3.67,28.07,29.73,-265.52
2021,11,7,7.29,7.6,0.68,408.71,143.21,146.8,18.7,0.53,2.77,3.87,27.92,29.53,-266.74
2021,11,8,7.23,7.7,0.67,408.86,142.29,148.44,18.8,0.54,2.84,3.59,27.28,28.76,-267.92
2021,11,9,7.24,7.74,0.67,408.16,142.84,149.7,18.92,0.55,2.88,4.13,27.62,29.05,-266.21
2021,11,10,7.21,7.78,0.67,410.62,142.05,150.19,18.82,0.55,2.91,4.07,27.78,29.22,-266.11
2021,11,11,6.82,7.61,0.63,414.45,136.09,148.66,18.14,0.53,2.77,3.99,27.87,29.29,-267.13
2021,11,12,6.38,7.7,0.59,416.63,127.0,149.06,17.12,0.51,2.64,3.76,27.81,29.45,-266.27
2021,11,13,7.04,7.57,0.66,407.04,137.2,144.91,17.92,0.52,2.74,3.63,27.79,29.6,-265.7
2021,11,14,7.39,7.78,0.69,405.76,145.7,150.61,19.26,0.57,3.0,3.73,27.64,29.45,-266.01
2021,11,15,7.15,7.69,0.66,408.56,141.78,149.62,18.74,0.56,2.93,4.09,27.46,29.19,-266.64
2021,11,16,6.98,7.74,0.65,408.27,138.29,150.34,18.49,0.53,2.77,4.44,27.76,29.24,-266.83
2021,11,17,6.83,7.78,0.63,408.16,134.55,149.82,18.04,0.52,2.7,4.38,27.63,28.99,-266.86
2021,11,18,6.22,7.74,0.58,419.96,124.05,150.27,16.88,0.5,2.6,4.08,27.54,29.02,-266.56
2021,11,19,7.39,7.78,0.69,405.3,144.74,149.91,19.09,0.56,2.96,4.18,27.59,28.98,-266.73
2021,11,20,5.64,7.7,0.52,416.72,113.14,148.98,15.59,0.46,-999.0,3.76,27.42,28.91,-266.53
2021,11,21,7.52,7.75,0.7,400.69,146.86,149.29,19.2,0.55,2.94,3.41,27.82,29.48,-265.09
2021,11,22,7.14,7.65,0.66,408.17,139.51,147.12,18.27,0.52,2.74,3.7,27.64,29.39,-266.24
2021,11,23,7.44,7.83,0.69,403.32,146.28,151.72,19.33,0.56,2.97,3.8,28.01,29.71,-266.17
2021,11,24,7.41,7.75,0.69,405.69,144.65,149.45,18.91,0.56,2.98,3.4,28.23,29.99,-265.6
2021,11,25,7.25,7.8,0.67,404.52,142.64,151.05,18.96,0.56,2.96,3.9,28.34,30.08,-266.12
2021,11,26,6.92,7.69,0.64,405.69,136.94,149.63,18.37,0.57,3.0,3.88,28.09,29.89,-266.32
2021,11,27,7.26,7.69,0.67,408.45,142.45,148.92,18.76,0.55,2.88,3.75,27.81,29.71,-265.7
2021,11,28,6.17,7.62,0.57,414.88,123.07,148.38,16.83,0.52,2.68,3.62,28.03,29.57,-266.17
2021,11,29,6.7,7.57,0.62,414.82,132.45,146.87,17.69,0.52,2.77,3.7,28.4,29.93,-266.89
2021,11,30,6.62,7.69,0.62,413.65,131.16,148.85,17.65,0.52,2.64,3.8,28.55,29.97,-266.49
2021,12,1,7.22,7.57,0.67,407.59,140.62,145.68,18.3,0.53,2.81,3.64,28.23,29.86,-266.11
2021,12,2,7.16,7.68,0.66,408.36,140.66,148.55,18.55,0.55,2.93,3.52,28.4,30.11,-266.38
2021,12,3,7.0,7.67,0.65,414.67,138.58,149.35,18.43,0.54,2.8,3.96,28.44,30.18,-266.2
2021,12,4,6.33,7.48,0.59,420.51,126.4,146.61,17.11,0.52,2.69,4.42,28.25,29.59,-267.13
2021,12,5,6.41,7.58,0.59,414.73,128.37,148.25,17.34,0.53,2.77,4.64,27.9,28.96,-268.0
2021,12,6,7.14,7.58,0.66,403.88,139.92,146.69,18.32,0.53,2.82,4.45,27.9,29.26,-266.86
2021,12,7,7.25,7.73,0.67,402.16,142.22,149.55,18.82,0.55,2.94,3.88,27.8,29.39,-266.27
2021,12,8,6.77,7.59,0.63,420.0,134.42,148.02,17.94,0.55,2.93,4.32,28.15,29.65,-266.44
2021,12,9,6.94,7.67,0.65,411.52,137.99,149.91,18.43,0.56,3.0,4.48,28.26,29.83,-266.69
2021,12,10,6.92,7.68,0.64,409.91,136.89,149.21,18.25,0.55,2.94,4.28,28.11,29.7,-266.7
2021,12,11,7.23,7.73,0.67,405.82,141.41,149.44,18.66,0.55,2.91,4.16,27.94,29.62,-266.67
2021,12,12,6.41,7.69,0.59,416.78,126.8,148.59,17.07,0.5,2.58,3.92,27.83,29.57,-265.98
2021,12,13,4.06,7.59,0.38,432.57,83.96,148.62,11.95,0.38,1.97,4.12,28.02,29.52,-266.79
2021,12,14,6.21,7.57,0.58,416.82,123.94,147.75,16.89,0.51,2.65,5.02,27.84,29.12,-267.45
2021,12,15,6.97,7.64,0.65,408.91,137.39,148.35,18.26,0.54,2.83,3.92,27.75,29.32,-266.43
2021,12,16,6.54,7.63,0.61,419.74,130.71,149.2,17.67,0.52,2.72,4.23,27.55,29.01,-267.35
2021,12,17,5.66,7.51,0.52,420.38,113.93,146.73,15.62,0.48,2.49,4.37,27.78,29.15,-267.15
2021,12,18,6.99,7.52,0.65,407.56,137.11,145.72,18.02,0.55,2.98,4.09,27.8,29.28,-266.96
2021,12,19,7.06,7.64,0.66,409.16,138.27,147.55,18.22,0.55,2.88,3.68,27.98,29.61,-266.08
2021,12,20,6.91,7.62,0.64,412.78,135.95,147.84,18.05,0.55,2.95,3.78,28.05,29.63,-266.01
2021,12,21,5.3,7.48,0.49,417.67,107.09,145.61,14.9,0.47,2.41,3.77,27.69,28.92,-267.06
2021,12,22,5.57,7.44,0.52,414.26,111.64,145.02,15.33,0.48,2.54,3.91,27.33,28.6,-267.3
2021,12,23,6.19,7.43,0.58,419.99,123.09,145.06,16.5,0.51,2.68,4.08,27.96,29.26,-267.31
2021,12,24,7.01,7.52,0.65,412.97,137.32,145.43,17.96,0.54,2.81,3.79,28.09,29.43,-265.92
2021,12,25,5.07,7.39,0.47,427.16,103.0,144.54,14.26,0.45,2.33,3.9,28.16,29.7,-266.58
2021,12,26,3.96,7.21,0.37,428.23,82.13,141.19,11.61,0.38,1.92,3.26,27.56,28.58,-268.47
2021,12,27,5.85,7.59,0.55,418.48,117.73,149.34,16.27,0.52,2.68,3.15,27.15,27.97,-269.2
2021,12,28,7.29,7.82,0.68,406.91,143.43,151.76,19.04,0.59,3.17,3.62,27.51,28.95,-267.08
2021,12,29,7.27,7.8,0.67,403.25,142.55,150.88,18.85,0.58,3.09,3.48,27.63,29.16,-266.23
2021,12,30,7.27,7.85,0.67,407.73,142.39,151.57,18.86,0.58,3.07,3.64,27.4,29.1,-266.33
2021,12,31,7.08,7.77,0.66,410.16,138.57,149.6,18.34,0.56,2.95,3.62,27.62,29.39,-266.71
2022,1,1,6.54,7.8,0.61,404.75,128.41,150.29,17.33,0.55,2.88,4.09,27.29,29.05,-267.06
2022,1,2,6.77,7.82,0.62,409.79,133.55,151.63,18.08,0.59,3.09,3.73,27.38,29.25,-266.35
2022,1,3,5.01,7.81,0.46,422.52,101.38,150.81,14.38,0.47,2.43,3.77,27.46,29.13,-266.74
2022,1,4,6.88,7.74,0.63,415.21,135.89,150.34,18.16,0.57,3.05,3.84,27.55,29.08,-266.5
2022,1,5,7.13,7.75,0.66,412.69,140.59,150.8,18.66,0.57,3.05,3.72,27.73,29.17,-266.45
2022,1,6,7.15,7.77,0.66,412.62,141.7,151.51,18.85,0.59,3.11,3.7,27.68,29.19,-266.52
2022,1,7,6.92,7.73,0.64,415.23,137.98,151.5,18.5,0.57,3.02,3.84,27.53,29.31,-266.7
2022,1,8,7.2,7.89,0.66,405.47,140.92,151.98,18.83,0.56,2.97,3.53,27.77,29.53,-266.06
2022,1,9,7.32,7.78,0.68,407.6,143.84,150.46,18.97,0.57,3.02,3.35,27.76,29.69,-265.88
2022,1,10,4.25,7.67,0.39,420.36,88.56,150.24,12.84,0.4,2.03,3.76,27.98,29.62,-266.71
2022,1,11,6.56,7.8,0.61,409.7,129.52,150.61,17.55,0.54,2.84,3.56,27.96,29.37,-266.94
2022,1,12,6.48,7.66,0.6,412.81,130.55,150.96,17.74,0.55,2.89,2.45,26.91,27.83,-269.09
2022,1,13,5.91,7.65,0.55,421.84,119.92,150.45,16.65,0.53,2.77,2.66,27.67,28.92,-267.39
2022,1,14,2.87,7.73,0.27,422.13,61.64,151.74,9.43,0.3,1.56,3.8,27.14,27.98,-268.73
2022,1,15,5.24,7.89,0.48,422.7,106.08,152.88,14.95,0.47,2.44,3.55,27.27,28.76,-266.47
2022,1,16,6.63,7.9,0.61,413.06,131.01,152.48,17.78,0.54,2.8,3.09,27.6,29.26,-265.95
2022,1,17,7.17,7.86,0.66,406.12,141.46,152.48,18.88,0.59,3.2,3.7,27.73,29.36,-266.59
2022,1,18,7.17,7.83,0.66,405.16,141.16,151.54,18.76,0.58,3.09,3.61,27.83,29.4,-266.42
2022,1,19,7.69,7.85,0.71,400.3,150.55,151.79,19.78,0.62,3.33,3.28,28.1,29.7,-265.4
2022,1,20,6.99,7.81,0.64,407.98,139.04,152.37,18.62,0.59,3.14,3.03,27.63,29.48,-265.96
2022,1,21,7.3,7.83,0.67,403.63,145.15,152.96,19.35,0.6,3.24,3.09,27.71,29.69,-265.97
2022,1,22,7.42,7.77,0.68,403.95,146.33,151.0,19.38,0.6,3.22,2.86,27.71,29.72,-265.7
2022,1,23,5.56,7.74,0.52,415.96,112.52,150.96,15.89,0.49,2.55,2.74,27.49,29.06,-266.46
2022,1,24,6.72,7.56,0.62,410.56,131.88,145.62,17.28,0.52,2.75,2.88,27.76,29.15,-266.52
2022,1,25,6.6,7.3,0.61,413.46,130.19,141.0,16.76,0.52,2.77,3.1,27.65,29.01,-267.23
2022,1,26,5.48,7.38,0.51,413.84,110.15,143.12,15.05,0.47,2.45,3.73,27.44,28.42,-268.31
2022,1,27,5.81,7.62,0.53,412.68,117.25,148.74,16.17,0.49,2.55,2.81,27.08,28.23,-268.43
2022,1,28,5.45,7.26,0.5,414.33,109.78,141.29,14.69,0.48,2.52,2.64,26.35,27.21,-269.0
2022,1,29,2.35,7.46,0.22,425.48,50.88,145.78,7.54,0.23,1.22,2.67,26.32,27.75,-266.44
2022,1,30,6.66,7.61,0.61,414.41,132.72,148.35,17.76,0.59,3.16,3.01,26.96,28.3,-267.32
2022,1,31,7.03,7.58,0.65,412.69,139.02,147.26,18.27,0.58,3.12,3.65,27.86,29.14,-266.81
2022,2,1,7.01,7.74,0.65,413.19,138.08,149.05,18.3,0.57,3.03,3.23,27.87,29.37,-266.37
2022,2,2,6.58,7.8,0.61,408.66,130.38,150.43,17.52,0.55,2.92,3.14,27.69,29.36,-265.83
2022,2,3,6.7,7.86,0.62,406.87,132.15,151.36,17.79,0.57,3.0,3.55,27.87,29.34,-266.63
2022,2,4,7.35,7.9,0.68,404.5,144.09,152.12,19.13,0.61,3.29,3.62,27.51,28.98,-266.19
2022,2,5,7.29,7.93,0.67,401.79,142.47,151.93,18.94,0.59,3.16,3.32,27.8,29.27,-265.8
2022,2,6,6.94,7.87,0.64,401.65,136.23,150.91,18.19,0.55,2.91,3.12,27.73,29.44,-264.98
2022,2,7,7.22,7.7,0.66,401.03,140.82,147.5,18.48,0.59,3.15,3.33,27.73,29.48,-266.03
2022,2,8,7.21,7.74,0.66,408.57,142.5,150.21,18.79,0.56,2.98,3.38,27.84,29.65,-265.88
2022,2,9,6.97,7.83,0.64,415.62,138.75,152.3,18.62,0.59,3.19,3.37,28.09,29.9,-266.41
2022,2,10,6.78,7.65,0.62,408.77,131.49,145.73,17.13,0.52,2.69,3.56,28.01,29.87,-265.42
2022,2,11,6.93,7.39,0.64,411.7,135.48,142.12,17.44,0.54,2.91,3.41,28.1,29.83,-266.06
2022,2,12,5.89,7.31,0.54,418.46,117.19,141.48,15.46,0.48,2.57,3.41,28.09,29.35,-267.12
2022,2,13,6.86,7.3,0.63,414.04,134.19,140.71,17.27,0.55,2.98,3.46,27.68,28.94,-267.6
2022,2,14,6.6,7.63,0.61,413.18,129.79,146.62,17.16,0.55,2.91,3.74,27.77,29.36,-267.02
2022,2,15,6.84,7.68,0.63,408.64,133.38,146.77,17.5,0.54,2.85,3.43,27.73,29.53,-265.89
2022,2,16,4.78,7.69,0.45,428.83,96.96,147.68,13.51,0.43,2.21,3.09,27.69,29.44,-266.24
2022,2,17,4.49,7.61,0.41,429.39,91.88,146.18,12.9,0.41,2.1,3.05,27.74,29.47,-266.37
2022,2,18,6.46,7.65,0.59,418.22,128.02,147.99,17.12,0.54,2.86,3.29,28.43,30.04,-265.64
2022,2,19,5.96,7.57,0.55,423.26,119.85,147.6,16.23,0.52,2.69,3.89,28.25,29.44,-267.44
2022,2,20,6.73,7.66,0.62,414.05,133.82,149.12,17.91,0.56,3.01,3.91,28.12,29.37,-266.96
2022,2,21,7.01,7.69,0.65,412.19,138.89,149.44,18.45,0.59,3.15,3.77,27.88,29.33,-266.65
2022,2,22,7.09,7.35,0.66,407.65,136.71,140.02,17.44,0.52,2.83,3.49,27.83,29.51,-266.08
2022,2,23,6.93,7.54,0.64,411.58,136.62,145.89,17.95,0.57,3.03,3.38,27.71,29.4,-266.39
2022,2,24,7.03,7.59,0.66,412.07,138.41,146.65,18.15,0.56,2.98,3.63,27.84,29.44,-266.2
2022,2,25,7.27,7.71,0.67,406.8,142.8,148.78,18.82,0.61,3.31,3.72,27.73,29.39,-266.49
2022,2,26,6.89,7.54,0.64,410.93,135.69,145.73,17.76,0.56,3.01,3.58,27.93,29.67,-265.42
2022,2,27,7.14,7.62,0.66,414.38,141.46,148.3,18.68,0.59,3.14,3.94,27.88,29.57,-266.61
2022,2,28,7.01,7.66,0.66,415.4,138.54,148.34,18.41,0.58,3.07,3.9,27.97,29.69,-266.2
2022,3,1,7.2,7.55,0.67,408.01,139.92,144.45,18.17,0.55,2.95,4.35,28.51,30.01,-266.42
2022,3,2,6.46,7.34,0.6,417.45,129.21,143.72,17.16,0.53,2.78,2.92,27.61,28.37,-268.95
2022,3,3,5.86,7.35,0.55,414.88,117.81,143.64,15.96,0.5,2.63,2.7,27.96,29.12,-266.09
2022,3,4,5.67,7.36,0.53,420.14,114.91,144.48,15.8,0.5,2.61,3.3,27.7,28.62,-268.0
2022,3,5,3.84,7.38,0.36,429.7,81.08,145.74,11.98,0.41,2.1,4.1,27.18,27.87,-269.27
2022,3,6,6.38,7.52,0.6,421.22,127.71,146.8,17.37,0.57,3.04,4.23,27.37,28.14,-268.06
2022,3,7,5.91,7.37,0.55,416.93,118.02,143.11,15.93,0.52,2.68,3.65,27.46,28.44,-267.13
2022,3,8,6.36,7.42,0.6,415.51,126.14,143.64,16.89,0.55,2.92,3.13,27.58,28.94,-266.34
2022,3,9,6.81,7.42,0.64,413.37,135.21,144.64,17.88,0.57,3.08,3.23,27.52,28.9,-267.04
2022,3,10,6.82,7.54,0.65,413.6,136.02,147.29,18.23,0.59,3.16,4.24,27.94,29.18,-266.92
2022,3,11,6.66,7.6,0.63,406.77,131.49,146.71,17.66,0.58,3.09,3.65,27.66,28.69,-267.06
2022,3,12,6.34,7.42,0.6,409.18,125.97,144.02,16.84,0.55,2.87,2.76,27.78,29.21,-265.91
2022,3,13,6.58,7.4,0.62,414.66,131.62,144.96,17.65,0.57,3.04,2.7,27.37,28.57,-268.35
2022,3,14,5.59,7.41,0.53,421.8,114.22,146.4,15.9,0.51,2.67,3.02,28.39,29.56,-266.09
2022,3,15,6.45,7.33,0.62,420.77,128.87,143.18,17.19,0.54,2.85,3.09,28.34,29.51,-267.55
2022,3,16,6.08,7.35,0.58,418.55,123.06,144.62,16.69,0.53,2.8,3.5,28.03,28.68,-268.28
2022,3,17,6.76,7.39,0.65,413.44,134.32,144.1,17.86,0.57,3.05,3.55,27.84,28.84,-268.04
2022,3,18,6.63,7.45,0.64,410.9,130.7,143.8,17.48,0.55,2.91,4.26,27.89,29.12,-267.23
2022,3,19,6.77,7.31,0.65,409.67,133.89,142.02,17.71,0.54,2.9,3.41,27.87,29.38,-265.59
2022,3,20,6.29,7.3,0.61,413.04,126.38,143.19,17.05,0.55,3.01,2.54,26.6,27.66,-269.13
2022,3,21,5.85,7.22,0.56,421.04,119.24,142.96,16.3,0.53,2.82,2.37,26.51,27.61,-268.78
2022,3,22,3.34,7.15,0.32,428.58,71.42,141.42,10.56,0.35,1.84,3.23,26.78,27.46,-269.45
2022,3,23,5.7,7.12,0.55,424.33,116.09,140.77,15.8,0.52,2.72,3.32,26.59,27.36,-269.81
2022,3,24,6.38,7.25,0.62,414.46,127.32,141.73,17.02,0.55,2.94,3.48,26.87,27.96,-268.43
2022,3,25,6.07,7.21,0.59,418.43,121.82,141.13,16.49,0.52,2.79,3.04,26.88,27.97,-267.95
2022,3,26,5.96,7.11,0.59,420.43,120.44,140.17,16.3,0.52,2.77,2.47,26.64,27.43,-269.64
2022,3,27,5.19,7.15,0.51,426.2,106.48,141.32,14.89,0.48,2.52,3.53,26.94,27.78,-268.75
2022,3,28,6.76,7.18,0.66,417.77,134.54,140.62,17.77,0.55,2.95,3.41,27.0,27.94,-268.66
2022,3,29,6.25,7.12,0.62,413.11,123.2,137.73,16.42,0.52,2.7,3.32,26.93,28.01,-268.05
2022,3,30,5.23,7.04,0.52,411.93,104.15,136.11,14.2,0.45,2.32,3.39,27.19,28.24,-267.28
2022,3,31,5.73,7.05,0.57,414.11,114.75,137.9,15.56,0.5,2.6,2.82,27.28,28.44,-267.31
2022,4,1,6.81,7.05,0.68,412.49,134.55,137.69,17.62,0.56,3.02,3.13,27.19,28.27,-267.94
2022,4,2,6.58,7.04,0.66,409.35,129.73,137.09,17.05,0.54,2.9,3.19,27.04,28.31,-267.56
2022,4,3,5.69,7.01,0.57,425.02,113.98,136.6,15.37,0.49,2.58,3.72,26.58,27.54,-268.37
2022,4,4,6.89,7.17,0.69,403.17,134.31,138.13,17.55,0.55,2.94,3.74,27.09,28.06,-267.81
2022,4,5,5.9,7.03,0.59,405.79,116.45,136.27,15.66,0.49,2.57,3.27,26.77,27.83,-267.61
2022,4,6,5.54,7.09,0.55,411.77,109.91,137.79,15.08,0.48,2.5,2.95,26.99,27.96,-266.99
2022,4,7,6.24,6.93,0.63,411.15,123.85,135.59,16.38,0.52,2.74,2.7,27.39,28.44,-267.18
2022,4,8,5.85,6.98,0.59,420.42,117.23,137.33,15.77,0.49,2.58,3.08,27.6,28.57,-268.0
2022,4,9,6.41,6.92,0.65,412.61,127.73,136.06,16.86,0.52,2.75,3.67,27.44,28.52,-267.57
2022,4,10,6.22,6.97,0.63,413.77,123.91,136.46,16.5,0.52,2.74,3.22,27.77,28.71,-266.53
2022,4,11,6.29,7.07,0.64,407.2,123.16,136.44,16.47,0.5,2.65,2.75,27.85,28.82,-266.38
2022,4,12,5.86,7.0,0.6,410.41,115.02,134.53,15.5,0.48,2.46,2.51,27.86,28.71,-266.56
2022,4,13,6.73,6.98,0.7,409.46,132.41,135.82,17.32,0.54,2.87,2.41,27.77,28.95,-265.76
2022,4,14,6.79,6.98,0.7,403.88,132.48,134.79,17.28,0.52,2.79,2.77,28.15,29.37,-265.37
2022,4,15,6.81,6.97,0.7,407.91,133.41,135.17,17.43,0.53,2.81,2.85,28.15,29.46,-265.65
2022,4,16,6.46,6.71,0.67,410.44,127.23,131.03,16.58,0.49,2.62,2.66,28.02,28.84,-268.14
2022,4,17,6.19,6.8,0.64,418.0,123.68,134.29,16.41,0.51,2.67,2.99,27.62,28.29,-268.8
2022,4,18,6.38,6.86,0.66,410.25,124.75,132.4,16.45,0.49,2.59,3.46,27.82,28.8,-267.05
2022,4,19,5.9,6.62,0.62,417.62,116.59,129.13,15.44,0.48,2.59,3.39,27.3,28.55,-267.38
2022,4,20,4.95,6.72,0.52,423.25,99.38,130.95,13.81,0.44,2.26,3.49,27.15,28.26,-267.64
2022,4,21,6.46,6.56,0.68,404.09,125.28,126.62,16.02,0.47,2.49,3.16,27.23,28.29,-266.47
2022,4,22,6.4,6.71,0.68,412.86,126.52,131.22,16.62,0.51,2.7,2.83,27.32,28.33,-267.11
2022,4,23,5.39,6.61,0.57,416.5,107.65,129.59,14.67,0.45,2.37,3.45,27.37,28.15,-268.1
2022,4,24,5.94,6.66,0.63,417.03,116.91,129.36,15.59,0.47,2.45,3.88,27.18,27.88,-268.36
2022,4,25,4.24,6.53,0.45,421.43,87.32,128.74,12.34,0.39,1.99,4.23,26.98,27.47,-268.38
2022,4,26,6.44,6.69,0.7,405.09,125.52,129.2,16.41,0.5,2.64,4.06,27.1,27.55,-267.72
2022,4,27,5.97,6.59,0.64,411.83,117.96,128.63,15.62,0.48,2.52,3.77,27.15,27.87,-267.82
2022,4,28,5.58,6.48,0.6,415.62,110.83,126.86,14.8,0.44,2.3,4.16,27.07,27.65,-268.01
2022,4,29,4.25,6.45,0.46,416.09,85.1,124.94,11.94,0.38,1.95,3.97,26.62,27.15,-267.35
2022,4,30,4.45,6.44,0.48,417.6,88.9,125.11,12.3,0.38,1.95,4.02,26.46,27.23,-267.74
2022,5,1,5.01,6.24,0.55,418.42,99.85,122.47,13.34,0.39,2.04,3.97,26.83,27.51,-267.81
2022,5,2,5.31,6.34,0.58,420.44,106.3,125.3,14.33,0.44,2.3,3.77,27.14,27.58,-268.02
2022,5,3,5.56,6.3,0.61,423.44,110.75,124.53,14.73,0.45,2.39,3.68,27.22,27.59,-268.09
2022,5,4,5.88,6.18,0.65,415.93,115.16,120.43,14.91,0.44,2.3,3.79,27.3,27.82,-268.28
2022,5,5,5.99,6.28,0.66,414.05,117.81,122.72,15.36,0.45,2.41,4.1,27.22,27.62,-268.31
2022,5,6,5.15,6.3,0.57,420.07,102.27,122.69,13.74,0.42,2.21,3.77,26.99,27.36,-268.56
2022,5,7,4.67,6.28,0.52,423.12,93.34,123.38,12.85,0.39,2.04,3.83,26.23,26.73,-268.97
2022,5,8,5.2,6.22,0.58,420.27,103.49,121.69,13.77,0.42,2.23,4.27,26.08,26.83,-268.9
2022,5,9,4.42,6.29,0.49,409.98,88.12,122.34,12.27,0.38,1.97,3.59,25.69,26.38,-268.78
2022,5,10,5.56,6.21,0.62,407.99,109.4,121.0,14.47,0.43,2.23,2.95,26.14,26.81,-267.5
2022,5,11,4.19,6.05,0.47,421.27,85.04,119.23,11.84,0.36,1.85,3.12,25.96,26.67,-268.61
2022,5,12,4.99,6.1,0.56,423.62,100.54,120.7,13.59,0.41,2.12,3.24,26.33,27.02,-268.52
2022,5,13,5.22,6.08,0.59,422.81,104.46,120.51,13.87,0.41,2.16,3.08,26.39,27.05,-268.92
2022,5,14,5.54,6.1,0.63,416.25,110.59,120.57,14.53,0.43,2.27,3.57,26.59,27.22,-268.95
2022,5,15,4.49,6.06,0.52,416.98,89.85,119.0,12.29,0.37,1.91,3.04,26.35,27.06,-268.73
2022,5,16,5.45,5.97,0.62,412.35,107.65,117.0,14.08,0.41,2.13,2.92,26.65,27.26,-268.54
2022,5,17,5.66,6.06,0.65,409.44,111.39,118.76,14.52,0.41,2.15,2.94,27.19,27.67,-268.31
2022,5,18,5.44,5.96,0.62,406.86,106.03,115.56,13.75,0.4,2.09,2.36,27.23,27.65,-267.17
2022,5,19,5.79,5.87,0.66,407.9,112.82,114.2,14.32,0.41,2.16,3.23,27.55,28.08,-266.78
2022,5,20,3.79,5.77,0.44,428.0,77.38,113.98,10.77,0.34,1.76,3.69,26.19,26.87,-266.87
2022,5,21,5.02,5.85,0.58,419.59,99.98,115.59,13.18,0.39,2.05,4.28,25.49,26.06,-268.41
2022,5,22,4.45,5.8,0.52,421.66,89.2,114.02,12.11,0.37,1.95,4.49,26.08,26.58,-268.24
2022,5,23,2.81,5.85,0.33,430.29,58.92,115.59,8.59,0.27,1.37,4.63,26.02,26.43,-269.24
2022,5,24,3.32,5.87,0.39,429.05,69.27,116.3,9.9,0.3,1.55,4.07,25.96,26.26,-269.58
2022,5,25,0.73,5.86,0.09,422.65,16.33,115.6,2.59,0.07,0.37,3.98,25.76,25.79,-271.44
2022,5,26,4.7,5.91,0.55,418.71,93.99,116.6,12.68,0.38,1.95,4.79,25.96,26.01,-269.85
2022,5,27,4.33,5.79,0.51,421.72,87.12,113.77,11.72,0.34,1.8,4.85,25.89,26.06,-269.56
2022,5,28,1.01,5.8,0.12,427.66,22.73,115.48,3.67,0.11,0.57,4.02,25.62,25.82,-271.19
2022,5,29,3.19,5.78,0.38,425.26,65.53,114.55,9.28,0.3,1.55,3.26,26.25,26.39,-269.63
2022,5,30,3.52,5.74,0.41,427.77,72.54,113.84,10.37,0.3,1.58,3.06,26.06,26.09,-271.02
2022,5,31,4.05,5.77,0.48,419.74,82.03,114.52,11.56,0.34,1.82,3.49,26.23,26.26,-269.85
2022,6,1,5.14,5.78,0.61,419.15,102.45,114.48,13.5,0.38,1.95,3.41,26.23,26.37,-269.52
2022,6,2,4.49,5.73,0.54,418.26,89.86,113.13,12.12,0.34,1.79,2.6,26.02,26.29,-269.01
2022,6,3,4.2,5.71,0.5,423.91,84.83,112.78,11.63,0.34,1.8,2.08,25.72,25.77,-270.3
2022,6,4,2.82,5.74,0.34,422.82,58.9,113.54,8.6,0.25,1.32,2.69,24.85,25.0,-271.61
2022,6,5,5.14,5.86,0.62,408.05,100.91,113.88,13.3,0.39,2.06,3.86,24.99,25.3,-269.46
2022,6,6,4.29,5.87,0.52,415.55,86.23,114.93,11.73,0.34,1.83,3.79,25.09,25.54,-269.01
2022,6,7,4.03,5.81,0.48,419.19,80.84,113.76,11.15,0.32,1.7,3.27,25.36,25.6,-269.5
2022,6,8,5.32,5.76,0.64,403.27,104.6,112.34,13.62,0.39,2.05,2.53,25.29,25.5,-268.63
2022,6,9,5.31,5.79,0.64,407.47,105.16,114.05,13.73,0.4,2.09,2.97,25.48,25.65,-268.95
2022,6,10,5.46,5.73,0.66,409.81,108.3,113.24,13.95,0.4,2.1,2.6,25.67,25.92,-268.68
2022,6,11,1.71,5.69,0.2,424.61,38.1,112.75,5.88,0.17,0.92,2.32,25.61,25.7,-268.74
2022,6,12,5.66,5.86,0.69,401.27,111.02,114.49,14.29,0.39,2.04,2.31,25.56,25.8,-268.39
2022,6,13,5.68,5.87,0.69,394.31,110.19,113.48,14.16,0.38,2.01,2.32,25.3,25.42,-268.74
2022,6,14,5.43,5.87,0.66,399.69,105.68,113.71,13.66,0.38,1.95,2.88,24.69,25.1,-268.52
2022,6,15,4.69,5.69,0.57,412.23,92.62,110.99,12.32,0.34,1.77,3.26,24.87,25.26,-269.21
2022,6,16,3.23,5.75,0.39,423.01,66.59,112.48,9.53,0.27,1.41,2.03,24.88,25.4,-268.92
2022,6,17,4.66,5.77,0.56,415.03,93.22,113.69,12.48,0.35,1.83,1.95,24.91,25.27,-269.07
2022,6,18,5.75,5.84,0.7,401.04,112.07,113.59,14.34,0.4,2.07,2.09,25.1,25.44,-268.69
2022,6,19,5.59,5.82,0.68,402.15,108.87,113.2,14.04,0.38,1.98,3.0,25.26,25.44,-269.03
2022,6,20,5.14,5.79,0.62,411.02,101.55,113.63,13.44,0.37,1.94,3.96,25.61,25.62,-269.86
2022,6,21,5.63,5.89,0.69,395.7,108.94,113.48,14.03,0.38,1.98,4.04,25.25,25.01,-269.09
2022,6,22,1.1,5.51,0.13,421.96,23.8,109.09,3.69,0.1,0.54,3.51,25.15,25.22,-270.6
2022,6,23,4.45,5.52,0.54,416.73,88.82,109.03,11.8,0.34,1.74,3.48,25.58,25.76,-269.61
2022,6,24,4.93,5.78,0.6,408.2,96.85,112.41,12.8,0.35,1.84,4.41,25.05,25.03,-269.32
2022,6,25,5.44,5.87,0.66,400.26,106.58,114.33,13.88,0.39,2.02,3.1,24.46,24.59,-268.82
2022,6,26,4.82,5.83,0.59,406.27,95.12,113.79,12.67,0.36,1.87,3.16,24.68,24.99,-268.22
2022,6,27,3.96,5.75,0.48,419.62,79.63,112.78,10.97,0.32,1.68,5.12,24.4,24.73,-269.33
2022,6,28,4.87,5.72,0.59,412.73,96.29,111.76,12.71,0.36,1.88,4.23,24.54,24.84,-269.36
2022,6,29,3.31,5.59,0.4,419.88,67.6,109.09,9.45,0.28,1.48,4.31,24.82,25.12,-269.74
2022,6,30,3.43,5.58,0.41,422.7,70.67,110.2,9.91,0.3,1.54,3.66,24.89,25.11,-269.73
2022,7,1,4.28,5.69,0.52,418.69,86.12,112.41,11.66,0.33,1.7,3.59,25.9,26.01,-269.88
2022,7,2,3.93,5.72,0.48,424.05,79.52,112.29,10.92,0.3,1.6,4.38,25.47,25.4,-269.56
2022,7,3,3.32,5.68,0.4,417.99,67.05,111.01,9.52,0.27,1.4,4.7,24.55,24.52,-270.7
2022,7,4,3.59,5.77,0.44,416.92,73.38,112.81,10.22,0.3,1.55,4.53,24.9,24.87,-269.54
2022,7,5,5.1,5.82,0.62,401.62,99.03,112.05,12.95,0.36,1.89,4.45,24.72,24.47,-269.22
2022,7,6,5.45,5.87,0.66,401.55,106.73,114.15,13.9,0.39,2.02,4.01,24.88,24.79,-269.25
2022,7,7,4.13,5.72,0.5,420.39,82.87,112.1,11.3,0.32,-999.0,4.26,24.8,24.76,-270.25
2022,7,8,5.37,5.89,0.65,401.63,104.89,114.11,13.67,0.38,2.02,4.65,24.6,24.61,-269.75
2022,7,9,4.83,5.91,0.58,401.97,94.61,114.2,12.61,0.35,1.86,4.41,24.62,24.54,-268.78
2022,7,10,5.69,5.83,0.68,392.94,109.4,111.89,13.98,0.37,1.89,4.3,24.43,24.37,-269.51
2022,7,11,4.73,5.93,0.56,403.66,93.4,115.43,12.55,0.34,1.74,3.74,24.42,24.44,-268.72
2022,7,12,5.4,5.85,0.64,397.43,105.02,113.4,13.6,0.37,1.9,3.09,24.87,24.76,-268.6
2022,7,13,5.21,5.87,0.62,404.62,102.34,114.52,13.41,0.37,1.92,3.88,24.54,24.62,-269.4
2022,7,14,5.56,5.9,0.66,400.06,107.89,114.15,13.97,0.38,1.95,3.82,24.28,24.35,-269.28
2022,7,15,5.01,5.96,0.59,407.35,98.93,116.29,13.17,0.37,1.88,4.13,23.97,24.27,-269.29
2022,7,16,3.85,5.92,0.45,419.98,78.44,115.66,10.96,0.3,1.57,4.17,24.09,24.33,-269.51
2022,7,17,3.89,6.03,0.46,407.98,78.34,117.2,11.01,0.31,1.61,4.13,23.76,23.91,-269.81
2022,7,18,4.16,5.98,0.49,403.81,82.46,115.87,11.3,0.31,1.61,3.89,23.84,23.88,-268.13
2022,7,19,5.51,6.06,0.65,395.53,107.55,117.31,14.05,0.38,1.97,4.29,24.24,24.37,-269.52
2022,7,20,5.11,6.06,0.6,405.07,100.98,117.97,13.45,0.36,1.83,3.97,24.41,24.49,-268.37
2022,7,21,4.7,5.97,0.55,412.07,93.68,116.81,12.57,0.34,1.73,4.16,24.39,24.62,-269.63
2022,7,22,4.39,5.94,0.52,413.47,87.94,116.16,12.02,0.33,1.68,3.92,24.38,24.44,-269.77
2022,7,23,5.35,5.87,0.62,402.37,104.8,114.21,13.59,0.38,1.91,4.21,24.39,24.5,-269.38
2022,7,24,5.22,6.05,0.61,399.81,102.23,117.35,13.53,0.38,2.02,4.82,23.87,24.05,-269.29
2022,7,25,5.6,6.21,0.65,394.47,108.53,119.15,14.28,0.41,2.13,3.98,23.65,23.69,-268.52
2022,7,26,5.06,6.16,0.59,403.64,99.68,119.7,13.39,0.37,1.91,3.09,23.29,23.63,-268.51
2022,7,27,5.47,6.14,0.63,393.25,106.84,118.82,14.14,0.39,1.99,3.7,23.91,24.11,-268.43
2022,7,28,5.76,6.12,0.66,392.48,111.73,117.96,14.51,0.4,2.09,3.27,24.2,24.62,-268.43
2022,7,29,5.37,6.1,0.62,404.99,106.49,119.95,14.04,0.39,2.0,2.84,24.44,24.85,-268.67
2022,7,30,2.81,6.01,0.32,418.88,58.89,119.01,8.69,0.25,1.29,3.13,24.75,24.91,-269.71
2022,7,31,4.95,6.1,0.56,411.9,98.94,120.11,13.38,0.38,1.98,3.72,24.82,24.96,-269.99
2022,8,1,5.85,6.18,0.66,401.96,113.83,119.59,14.78,0.4,2.07,4.2,24.42,24.66,-269.35
2022,8,2,3.62,6.1,0.41,428.75,75.25,120.59,10.71,0.3,1.52,3.45,24.36,24.7,-270.1
2022,8,3,2.5,6.08,0.28,431.2,53.71,120.43,7.89,0.23,1.16,3.16,24.83,24.93,-269.61
2022,8,4,5.58,6.2,0.62,409.02,110.26,121.34,14.51,0.41,2.15,3.83,24.6,24.94,-269.52
2022,8,5,6.14,6.39,0.69,389.91,119.36,123.2,15.46,0.44,2.29,3.51,24.09,24.36,-268.97
2022,8,6,6.29,6.37,0.7,388.26,120.34,121.32,15.36,0.42,2.17,3.15,24.26,24.41,-268.27
2022,8,7,6.02,6.5,0.67,400.84,116.52,124.7,15.27,0.42,2.16,3.77,24.14,24.13,-268.58
2022,8,8,6.22,6.46,0.7,383.24,119.64,123.44,15.48,0.43,2.24,3.24,23.73,23.76,-268.15
2022,8,9,5.97,6.4,0.66,389.29,115.55,123.02,15.02,0.43,2.23,2.9,23.59,23.91,-267.99
2022,8,10,6.17,6.34,0.69,384.84,117.94,120.44,15.02,0.41,2.15,2.62,23.77,24.15,-267.42
2022,8,11,5.43,6.29,0.6,402.55,105.81,120.64,13.88,0.38,1.98,2.55,24.27,24.76,-268.36
2022,8,12,6.0,6.36,0.66,393.86,116.02,122.11,14.98,0.41,2.13,3.19,24.51,24.76,-267.86
2022,8,13,5.62,6.37,0.62,390.51,108.21,120.9,14.02,0.38,1.96,4.38,24.24,24.22,-268.76
2022,8,14,6.3,6.49,0.69,383.71,120.26,123.01,15.44,0.43,2.23,4.34,23.8,23.8,-268.64
2022,8,15,6.38,6.58,0.7,381.59,122.11,125.2,15.77,0.44,2.29,4.16,23.8,23.76,-268.29
2022,8,16,6.49,6.6,0.7,379.37,123.35,124.61,15.77,0.44,2.28,4.38,23.65,23.65,-267.95
2022,8,17,5.34,6.43,0.58,400.15,104.55,123.62,13.79,0.38,1.97,4.68,24.0,24.05,-268.95
2022,8,18,6.04,6.59,0.66,395.98,116.38,125.46,15.21,0.42,2.2,4.18,23.73,23.83,-268.76
2022,8,19,5.68,6.71,0.61,396.9,110.43,128.23,14.73,0.41,2.09,3.76,23.63,23.79,-267.74
2022,8,20,5.93,6.76,0.63,394.06,114.55,128.79,15.16,0.41,2.13,4.16,23.62,23.8,-268.05
2022,8,21,6.04,6.67,0.65,398.95,117.89,128.71,15.62,0.44,2.25,3.99,23.87,24.36,-268.27
2022,8,22,4.02,6.54,0.43,416.45,81.85,127.43,11.52,0.34,1.69,4.32,23.9,24.44,-269.01
2022,8,23,3.92,6.52,0.41,420.98,80.27,127.77,11.2,0.34,1.72,4.77,24.11,24.46,-270.08
2022,8,24,6.09,6.67,0.65,397.84,119.38,129.18,15.66,0.45,2.35,4.58,23.72,24.14,-268.48
2022,8,25,6.24,6.71,0.66,387.27,119.84,127.55,15.59,0.45,2.37,4.35,23.18,23.61,-268.74
2022,8,26,5.44,6.56,0.57,399.24,105.48,124.71,13.83,0.4,2.04,4.16,23.66,23.95,-268.34
2022,8,27,3.71,6.61,0.39,416.91,75.97,127.25,10.55,0.31,1.59,3.97,24.08,24.32,-269.01
2022,8,28,6.29,6.48,0.66,391.98,120.2,122.94,15.12,0.41,2.18,3.79,24.04,24.29,-268.32
2022,8,29,6.19,6.75,0.65,395.66,119.98,129.05,15.63,0.45,2.34,3.27,23.68,24.12,-268.27
2022,8,30,6.09,6.83,0.63,398.01,119.16,131.35,15.76,0.46,2.38,5.18,23.94,24.38,-269.15
2022,8,31,6.23,6.93,0.65,389.51,121.72,133.27,16.19,0.48,2.52,4.98,23.53,24.15,-268.51
2022,9,1,6.23,6.97,0.65,394.25,122.34,134.69,16.3,0.47,2.45,4.71,23.87,24.27,-268.42
2022,9,2,5.53,6.95,0.57,406.38,109.7,134.37,14.94,0.43,2.21,4.25,23.83,24.19,-268.8
2022,9,3,6.42,7.01,0.66,391.81,125.77,135.5,16.62,0.47,2.45,3.93,23.84,24.28,-268.7
2022,9,4,4.69,6.94,0.48,414.68,95.33,135.01,13.23,0.38,-999.0,4.51,24.01,24.52,-269.02
2022,9,5,4.22,6.95,0.43,416.84,86.2,135.14,12.19,0.35,1.79,4.51,24.27,24.65,-269.69
2022,9,6,6.19,7.09,0.63,399.45,121.36,136.26,16.25,0.47,2.46,4.59,24.2,24.55,-268.98
2022,9,7,6.75,7.03,0.69,378.91,129.46,133.31,16.75,0.48,2.48,4.66,23.51,23.9,-268.35
2022,9,8,6.71,7.19,0.68,384.98,129.87,137.23,17.19,0.5,2.63,3.82,23.3,23.8,-267.86
2022,9,9,6.89,7.18,0.7,386.03,133.42,137.27,17.52,0.5,2.6,3.18,23.58,24.03,-267.27
2022,9,10,5.11,7.24,0.52,410.68,101.37,138.73,14.21,0.41,2.13,3.48,23.77,24.35,-267.88
2022,9,11,6.08,7.21,0.61,395.95,119.63,138.91,16.09,0.45,2.34,3.35,23.67,24.33,-268.2
2022,9,12,6.94,7.16,0.7,384.35,134.76,137.43,17.59,0.5,2.63,3.23,23.97,24.58,-266.96
2022,9,13,6.46,7.17,0.65,395.93,127.19,138.66,16.93,0.49,2.57,3.5,24.27,24.89,-267.84
2022,9,14,5.2,7.24,0.52,414.88,104.46,139.76,14.55,0.43,2.22,2.96,24.62,25.05,-267.17
2022,9,15,6.37,7.31,0.63,397.93,124.82,140.13,16.83,0.5,2.61,3.23,24.25,24.72,-268.01
2022,9,16,7.03,7.32,0.7,382.45,135.82,139.18,17.76,0.52,2.72,3.01,24.33,24.72,-267.49
2022,9,17,6.59,7.29,0.66,394.98,128.66,139.79,17.03,0.48,2.52,3.05,24.58,25.06,-267.8
2022,9,18,6.31,7.3,0.62,399.85,123.8,139.88,16.6,0.48,2.51,3.59,24.37,24.92,-267.75
2022,9,19,7.02,7.21,0.7,384.84,134.67,136.48,17.33,0.48,2.52,3.52,23.87,24.55,-267.18
2022,9,20,6.95,7.26,0.69,389.81,133.85,137.62,17.44,0.5,2.62,3.18,24.29,24.75,-267.44
2022,9,21,7.04,7.34,0.7,391.97,137.02,140.54,17.95,0.5,2.62,2.91,24.48,25.19,-266.89
2022,9,22,6.56,7.3,0.64,404.2,129.76,141.2,17.32,0.48,2.52,2.98,24.99,25.5,-267.24
2022,9,23,6.85,7.27,0.67,396.21,133.99,139.53,17.58,0.48,2.53,2.78,25.12,25.66,-267.31
2022,9,24,7.0,7.41,0.68,392.51,135.37,140.52,17.77,0.49,2.55,3.02,25.06,25.5,-267.25
2022,9,25,5.95,7.46,0.58,400.35,117.1,142.6,15.97,0.45,2.34,3.6,25.02,25.39,-267.9
2022,9,26,6.92,7.43,0.67,389.91,134.45,141.53,17.76,0.5,2.59,3.96,24.82,25.24,-267.74
2022,9,27,7.11,7.55,0.69,383.76,137.69,143.1,18.14,0.5,2.57,3.59,24.51,24.97,-267.2
2022,9,28,6.88,7.51,0.66,389.42,134.22,143.2,17.79,0.49,2.57,3.38,24.8,25.3,-267.82
2022,9,29,6.42,7.52,0.62,398.8,126.82,144.18,17.1,0.48,2.47,2.98,24.81,25.31,-266.69
2022,9,30,7.02,7.54,0.68,391.15,137.41,144.2,18.18,0.52,2.67,3.52,24.95,25.41,-267.33
2022,10,1,6.94,7.46,0.67,389.73,134.65,141.59,17.66,0.5,2.59,3.66,24.94,25.47,-267.57
2022,10,2,5.67,7.58,0.55,397.0,112.24,144.66,15.4,0.44,2.25,3.32,24.85,25.51,-267.03
2022,10,3,7.03,7.58,0.67,390.24,136.51,143.88,18.0,0.52,2.67,2.98,25.04,25.4,-266.2
2022,10,4,6.94,7.16,0.66,389.7,132.66,134.74,16.75,0.46,2.42,3.17,25.25,25.85,-267.38
2022,10,5,6.25,7.3,0.6,413.01,123.59,140.05,16.45,0.47,2.43,3.31,25.55,26.12,-267.29
2022,10,6,4.97,7.34,0.48,422.75,101.62,142.16,14.01,0.41,2.07,3.03,25.73,26.46,-267.72
2022,10,7,6.99,7.43,0.66,404.62,137.41,143.05,18.01,0.5,2.62,3.3,25.61,26.4,-267.93
2022,10,8,7.0,7.38,0.66,407.94,135.7,140.36,17.53,0.48,2.47,3.58,25.79,26.46,-267.7
2022,10,9,6.04,7.28,0.58,413.15,119.52,139.6,15.82,0.45,2.27,3.71,25.94,26.62,-267.74
2022,10,10,6.53,7.38,0.62,409.55,128.14,141.06,16.91,0.48,2.47,4.38,26.06,26.73,-268.37
2022,10,11,6.57,7.26,0.62,404.69,128.43,138.52,16.66,0.47,2.44,4.85,25.51,26.1,-268.14
2022,10,12,5.77,7.46,0.55,401.73,114.29,142.29,15.35,0.43,2.2,3.95,25.13,25.74,-268.6
2022,10,13,6.79,7.53,0.64,404.41,133.48,144.58,17.66,0.49,2.55,3.85,25.58,26.3,-267.42
2022,10,14,7.19,7.67,0.68,394.88,140.3,146.44,18.48,0.52,2.7,3.85,25.68,26.44,-267.37
2022,10,15,5.31,7.47,0.5,407.51,106.44,143.35,14.45,0.4,2.04,4.19,25.54,26.33,-267.24
2022,10,16,6.32,7.36,0.59,405.64,124.88,141.13,16.53,0.47,2.45,3.94,25.32,26.31,-267.28
2022,10,17,6.98,7.57,0.66,395.41,137.34,145.36,18.11,0.52,2.69,3.99,25.48,26.29,-267.42
2022,10,18,6.35,7.41,0.59,399.52,125.8,142.23,16.65,0.47,2.44,4.35,25.84,26.64,-267.81
2022,10,19,6.95,7.46,0.66,395.21,136.52,143.41,17.86,0.5,2.62,4.36,26.01,26.83,-267.74
2022,10,20,7.21,7.6,0.68,390.09,140.54,145.2,18.4,0.52,2.75,3.76,25.94,26.78,-267.37
2022,10,21,6.79,7.52,0.64,397.67,133.6,144.31,17.7,0.5,2.62,3.8,25.68,26.62,-267.04
2022,10,22,6.71,7.57,0.63,409.48,133.7,146.93,17.86,0.52,2.68,3.77,26.04,27.02,-267.19
2022,10,23,6.58,7.53,0.62,405.91,130.81,145.89,17.48,0.5,2.59,3.66,26.17,27.26,-267.57
2022,10,24,6.62,7.62,0.62,404.39,132.43,148.19,17.79,0.51,2.66,3.8,26.26,27.3,-267.63
2022,10,25,6.7,7.58,0.62,406.14,133.63,147.34,17.87,0.51,2.65,3.77,26.21,27.22,-267.11
2022,10,26,6.26,7.58,0.59,411.51,125.03,147.23,16.92,0.49,2.55,3.21,26.19,27.3,-266.5
2022,10,27,6.72,7.42,0.62,407.23,132.22,142.77,17.32,0.5,2.66,3.47,26.31,27.47,-266.41
2022,10,28,7.04,7.44,0.66,400.98,137.83,142.69,17.84,0.52,2.75,3.87,26.28,27.52,-267.05
2022,10,29,6.93,7.63,0.65,399.69,136.6,146.66,18.09,0.54,2.83,3.94,26.27,27.43,-267.06
2022,10,30,6.49,7.74,0.6,403.74,128.22,148.55,17.3,0.52,2.7,3.57,26.37,27.51,-266.67
2022,10,31,7.17,7.75,0.67,399.24,141.53,149.58,18.77,0.53,2.77,2.93,25.97,26.88,-267.12
2022,11,1,7.15,7.66,0.66,403.36,141.43,148.3,18.66,0.55,2.87,3.29,26.53,27.79,-266.06
2022,11,2,7.04,7.68,0.66,403.12,139.38,148.54,18.58,0.55,2.87,3.12,26.61,27.93,-266.14
2022,11,3,7.09,7.6,0.66,405.39,140.49,147.47,18.51,0.54,2.82,3.09,26.8,28.03,-266.28
2022,11,4,6.02,7.45,0.56,415.32,120.9,145.45,16.27,0.47,2.41,3.29,27.33,28.41,-265.95
2022,11,5,6.32,7.58,0.59,418.45,127.35,148.7,17.22,0.52,2.71,2.9,26.43,27.35,-268.49
2022,11,6,4.44,7.56,0.41,427.23,90.88,148.38,12.89,0.4,2.09,2.88,26.58,27.81,-267.42
2022,11,7,6.54,7.56,0.61,413.3,130.24,146.89,17.45,0.53,2.79,2.77,26.37,27.69,-267.04
2022,11,8,7.04,7.73,0.66,406.37,139.89,150.13,18.59,0.56,3.0,2.73,26.43,27.71,-266.77
2022,11,9,7.3,7.79,0.68,401.53,144.46,151.0,19.23,0.59,3.16,2.68,26.73,28.0,-266.27
2022,11,10,7.06,7.78,0.66,406.84,139.73,150.45,18.65,0.56,2.95,2.94,26.53,28.01,-266.41
2022,11,11,6.35,7.67,0.59,419.98,128.7,150.85,17.55,0.54,2.85,2.92,26.87,28.3,-265.99
2022,11,12,5.81,7.7,0.54,419.39,118.23,151.45,16.37,0.51,2.67,3.12,26.41,27.3,-268.44
2022,11,13,6.6,7.67,0.61,416.31,131.85,149.16,17.84,0.54,2.86,3.59,26.46,27.79,-267.45
2022,11,14,5.86,7.71,0.55,416.73,118.2,150.66,16.34,0.5,2.62,3.77,26.73,28.02,-267.23
2022,11,15,7.1,7.8,0.66,402.09,141.26,151.18,18.74,0.57,-999.0,3.18,26.32,27.94,-266.15
2022,11,16,7.26,7.81,0.67,396.63,142.2,149.98,18.82,0.58,3.11,3.21,26.26,27.87,-266.17
2022,11,17,7.33,7.68,0.68,400.05,142.71,147.14,18.63,0.57,3.08,3.43,26.38,27.89,-266.25
2022,11,18,7.09,7.82,0.66,397.95,139.27,150.42,18.55,0.58,3.1,3.2,26.81,28.14,-265.82
2022,11,19,6.84,7.67,0.63,399.71,133.81,147.2,17.83,0.56,3.0,3.5,26.94,28.15,-265.61
2022,11,20,6.9,7.53,0.64,400.97,134.3,144.03,17.59,0.55,2.98,3.37,26.0,27.01,-268.25
2022,11,21,7.01,7.61,0.65,397.49,137.55,146.66,18.18,0.56,3.03,3.46,26.12,27.39,-266.83
2022,11,22,5.0,7.62,0.46,416.83,101.38,148.3,14.23,0.46,2.44,3.88,26.52,27.51,-267.44
2022,11,23,7.3,7.69,0.68,400.69,142.84,148.52,18.78,0.56,3.02,3.08,26.6,27.85,-266.23
2022,11,24,6.54,7.6,0.61,413.05,129.59,147.72,17.41,0.52,2.77,3.21,26.58,28.15,-265.68
2022,11,25,7.27,7.51,0.67,403.35,142.28,145.43,18.52,0.58,3.14,3.8,27.15,28.54,-265.94
2022,11,26,7.02,7.64,0.65,407.41,138.1,147.93,18.38,0.59,3.23,3.65,27.07,28.55,-266.24
2022,11,27,7.12,7.59,0.66,406.84,139.12,146.5,18.27,0.59,3.19,3.45,26.89,28.25,-267.26
2022,11,28,7.07,7.68,0.66,405.7,139.31,149.05,18.45,0.59,3.17,3.42,27.08,28.48,-266.4
2022,11,29,5.71,7.64,0.53,418.48,114.58,148.59,15.92,0.53,2.85,4.07,26.92,28.23,-267.12
2022,11,30,2.08,7.49,0.2,424.71,45.41,146.45,6.88,0.23,1.2,3.05,25.3,26.1,-270.58
2022,12,1,5.32,7.62,0.49,419.78,106.42,148.05,14.91,0.48,2.59,3.8,26.44,27.44,-267.62
2022,12,2,7.35,-999.0,-999.0,393.55,-999.0,-999.0,-999.0,-999.0,-999.0,4.5,27.21,28.4,-266.77
2022,12,3,7.23,-999.0,-999.0,398.92,-999.0,-999.0,-999.0,-999.0,-999.0,4.49,27.12,28.24,-266.88
2022,12,4,7.0,-999.0,-999.0,408.66,-999.0,-999.0,-999.0,-999.0,-999.0,4.27,26.97,28.19,-267.1
2022,12,5,6.05,-999.0,-999.0,419.4,-999.0,-999.0,-999.0,-999.0,-999.0,4.45,27.01,28.19,-267.03
2022,12,6,7.53,-999.0,-999.0,390.27,-999.0,-999.0,-999.0,-999.0,-999.0,3.73,27.19,28.51,-266.33
2022,12,7,7.44,-999.0,-999.0,387.02,-999.0,-999.0,-999.0,-999.0,-999.0,3.5,26.97,28.55,-265.85
2022,12,8,7.13,-999.0,-999.0,402.91,-999.0,-999.0,-999.0,-999.0,-999.0,3.0,27.3,28.97,-265.39
2022,12,9,7.23,-999.0,-999.0,411.95,-999.0,-999.0,-999.0,-999.0,-999.0,3.59,27.45,29.02,-266.23
2022,12,10,7.31,-999.0,-999.0,407.07,-999.0,-999.0,-999.0,-999.0,-999.0,3.36,27.69,29.3,-265.88
2022,12,11,7.28,-999.0,-999.0,398.04,-999.0,-999.0,-999.0,-999.0,-999.0,3.3,27.73,29.3,-266.4
2022,12,12,7.44,-999.0,-999.0,382.95,-999.0,-999.0,-999.0,-999.0,-999.0,3.1,27.34,29.14,-266.0
2022,12,13,7.52,7.68,-999.0,383.16,-999.0,-999.0,-999.0,-999.0,-999.0,3.33,27.47,29.27,-264.88
2022,12,14,7.39,-999.0,-999.0,385.88,-999.0,-999.0,-999.0,-999.0,-999.0,3.76,27.69,29.31,-265.05
2022,12,15,6.98,-999.0,-999.0,392.71,-999.0,-999.0,-999.0,-999.0,-999.0,3.79,27.29,28.74,-266.72
2022,12,16,7.53,-999.0,-999.0,387.13,-999.0,-999.0,-999.0,-999.0,-999.0,3.75,27.56,29.08,-266.37
2022,12,17,7.41,-999.0,-999.0,386.38,-999.0,-999.0,-999.0,-999.0,-999.0,3.33,27.94,29.41,-266.45
2022,12,18,6.94,-999.0,-999.0,384.16,-999.0,-999.0,-999.0,-999.0,-999.0,3.4,27.8,29.38,-266.42
2022,12,19,7.49,-999.0,-999.0,385.1,-999.0,-999.0,-999.0,-999.0,-999.0,3.3,27.44,29.38,-264.93
2022,12,20,7.56,7.67,-999.0,386.74,-999.0,-999.0,-999.0,-999.0,-999.0,3.43,27.61,29.48,-265.99
2022,12,21,7.41,-999.0,-999.0,405.42,-999.0,-999.0,-999.0,-999.0,-999.0,3.17,27.49,29.17,-266.84
2022,12,22,6.91,-999.0,-999.0,407.76,-999.0,-999.0,-999.0,-999.0,-999.0,3.78,27.79,29.26,-266.56
2022,12,23,7.02,-999.0,-999.0,406.19,-999.0,-999.0,-999.0,-999.0,-999.0,3.27,28.08,29.69,-265.74
2022,12,24,6.12,-999.0,-999.0,410.55,-999.0,-999.0,-999.0,-999.0,-999.0,3.56,27.54,29.01,-266.91
2022,12,25,5.9,-999.0,-999.0,405.66,-999.0,-999.0,-999.0,-999.0,-999.0,3.97,27.13,28.68,-267.5
2022,12,26,7.29,-999.0,-999.0,394.56,-999.0,-999.0,-999.0,-999.0,-999.0,3.8,27.16,28.54,-266.35
2022,12,27,5.79,-999.0,-999.0,411.34,-999.0,-999.0,-999.0,-999.0,-999.0,3.72,27.49,29.13,-265.84
2022,12,28,6.98,-999.0,-999.0,404.22,-999.0,-999.0,-999.0,-999.0,-999.0,4.33,27.77,29.3,-266.86
2022,12,29,6.32,-999.0,-999.0,411.0,-999.0,-999.0,-999.0,-999.0,-999.0,4.01,27.5,29.08,-266.42
2022,12,30,7.05,-999.0,-999.0,404.04,-999.0,-999.0,-999.0,-999.0,-999.0,4.41,27.73,29.15,-267.15
2022,12,31,6.56,-999.0,-999.0,409.94,-999.0,-999.0,-999.0,-999.0,-999.0,4.57,27.69,29.15,-266.98
2023,1,1,4.79,-999.0,-999.0,428.09,-999.0,-999.0,-999.0,-999.0,-999.0,3.48,27.65,29.14,-267.13
2023,1,2,6.83,-999.0,-999.0,410.29,-999.0,-999.0,-999.0,-999.0,-999.0,4.49,27.31,28.76,-267.71
2023,1,3,5.83,-999.0,-999.0,403.69,-999.0,-999.0,-999.0,-999.0,-999.0,4.2,27.33,28.59,-267.57
2023,1,4,7.47,7.71,-999.0,395.81,-999.0,-999.0,-999.0,-999.0,-999.0,3.77,27.33,28.83,-266.66
2023,1,5,7.49,-999.0,-999.0,394.08,-999.0,-999.0,-999.0,-999.0,-999.0,3.52,27.32,28.79,-266.45
2023,1,6,7.38,-999.0,-999.0,393.3,-999.0,-999.0,-999.0,-999.0,-999.0,3.42,27.33,28.94,-266.18
2023,1,7,7.5,-999.0,-999.0,395.84,-999.0,-999.0,-999.0,-999.0,-999.0,3.79,27.44,29.14,-266.25
2023,1,8,6.83,-999.0,-999.0,405.05,-999.0,-999.0,-999.0,-999.0,-999.0,3.82,27.57,29.17,-266.71
2023,1,9,7.54,-999.0,-999.0,394.84,-999.0,-999.0,-999.0,-999.0,-999.0,3.66,27.79,29.41,-266.14
2023,1,10,7.1,-999.0,-999.0,399.42,-999.0,-999.0,-999.0,-999.0,-999.0,3.78,27.69,29.37,-266.02
2023,1,11,6.95,-999.0,-999.0,407.23,-999.0,-999.0,-999.0,-999.0,-999.0,4.18,27.44,28.89,-267.67
2023,1,12,7.51,7.66,-999.0,403.66,-999.0,-999.0,-999.0,-999.0,-999.0,3.66,27.76,29.4,-265.92
2023,1,13,6.89,-999.0,-999.0,415.59,-999.0,-999.0,-999.0,-999.0,-999.0,3.69,27.87,29.58,-266.1
2023,1,14,6.66,-999.0,-999.0,409.11,-999.0,-999.0,-999.0,-999.0,-999.0,4.0,27.49,28.87,-267.38
2023,1,15,6.78,-999.0,-999.0,399.37,-999.0,-999.0,-999.0,-999.0,-999.0,4.01,27.62,29.44,-266.63
2023,1,16,6.01,-999.0,-999.0,402.62,-999.0,-999.0,-999.0,-999.0,-999.0,3.41,27.46,29.01,-266.36
2023,1,17,5.57,-999.0,-999.0,419.23,-999.0,-999.0,-999.0,-999.0,-999.0,4.12,26.9,27.8,-268.56
2023,1,18,5.35,-999.0,-999.0,425.65,-999.0,-999.0,-999.0,-999.0,-999.0,4.33,26.78,27.71,-268.64
2023,1,19,5.65,-999.0,-999.0,413.55,-999.0,-999.0,-999.0,-999.0,-999.0,3.89,27.3,28.63,-266.7
2023,1,20,7.65,-999.0,-999.0,393.26,-999.0,-999.0,-999.0,-999.0,-999.0,3.26,27.37,28.9,-266.11
2023,1,21,7.34,-999.0,-999.0,395.31,-999.0,-999.0,-999.0,-999.0,-999.0,3.12,27.66,29.31,-265.31
2023,1,22,7.54,7.73,-999.0,400.23,-999.0,-999.0,-999.0,-999.0,-999.0,3.17,27.94,29.64,-265.45
2023,1,23,7.32,-999.0,-999.0,403.92,-999.0,-999.0,-999.0,-999.0,-999.0,3.41,27.62,29.42,-266.31
2023,1,24,6.85,-999.0,-999.0,393.98,-999.0,-999.0,-999.0,-999.0,-999.0,3.78,27.66,29.42,-266.06
2023,1,25,7.79,7.92,-999.0,371.34,-999.0,-999.0,-999.0,-999.0,-999.0,3.38,27.41,29.29,-265.22
2023,1,26,7.57,-999.0,-999.0,408.7,-999.0,-999.0,-999.0,-999.0,-999.0,3.3,27.75,29.6,-264.99
2023,1,27,7.58,7.7,-999.0,411.41,-999.0,-999.0,-999.0,-999.0,-999.0,3.45,27.83,29.62,-266.09
2023,1,28,7.52,7.88,-999.0,386.36,-999.0,-999.0,-999.0,-999.0,-999.0,4.4,27.66,29.24,-266.86
2023,1,29,7.43,-999.0,-999.0,405.44,-999.0,-999.0,-999.0,-999.0,-999.0,3.79,28.01,29.64,-266.18
2023,1,30,7.57,-999.0,-999.0,397.84,-999.0,-999.0,-999.0,-999.0,-999.0,4.11,27.98,29.75,-266.2
2023,1,31,6.94,-999.0,-999.0,404.37,-999.0,-999.0,-999.0,-999.0,-999.0,4.23,27.8,29.44,-266.79
2023,2,1,6.99,-999.0,-999.0,411.01,-999.0,-999.0,-999.0,-999.0,-999.0,3.66,27.67,29.46,-266.59
2023,2,2,7.27,-999.0,-999.0,404.91,-999.0,-999.0,-999.0,-999.0,-999.0,3.69,27.96,29.67,-265.99
2023,2,3,7.58,-999.0,-999.0,391.48,-999.0,-999.0,-999.0,-999.0,-999.0,3.88,27.9,29.64,-266.13
2023,2,4,6.63,-999.0,-999.0,420.92,-999.0,-999.0,-999.0,-999.0,-999.0,4.0,28.32,29.84,-266.12
2023,2,5,6.83,-999.0,-999.0,429.11,-999.0,-999.0,-999.0,-999.0,-999.0,3.09,28.15,29.72,-266.45
2023,2,6,2.56,-999.0,-999.0,421.28,-999.0,-999.0,-999.0,-999.0,-999.0,3.51,26.69,27.42,-269.33
2023,2,7,7.58,7.87,-999.0,379.49,-999.0,-999.0,-999.0,-999.0,-999.0,3.96,27.33,28.42,-266.35
2023,2,8,6.17,-999.0,-999.0,405.49,-999.0,-999.0,-999.0,-999.0,-999.0,3.23,27.45,28.8,-266.1
2023,2,9,5.65,-999.0,-999.0,424.34,-999.0,-999.0,-999.0,-999.0,-999.0,3.5,27.47,28.96,-266.92
2023,2,10,-999.0,-999.0,-999.0,392.55,-999.0,-999.0,-999.0,-999.0,-999.0,4.08,27.55,29.05,-266.52
2023,2,11,7.18,7.81,-999.0,395.68,-999.0,-999.0,-999.0,-999.0,-999.0,3.78,27.92,29.28,-265.91
2023,2,12,6.84,-999.0,-999.0,416.8,-999.0,-999.0,-999.0,-999.0,-999.0,3.57,28.05,29.58,-265.7
2023,2,13,7.07,-999.0,-999.0,410.72,-999.0,-999.0,-999.0,-999.0,-999.0,4.16,27.92,29.12,-267.44
2023,2,14,6.53,-999.0,-999.0,406.91,-999.0,-999.0,-999.0,-999.0,-999.0,3.49,27.9,28.91,-267.52
2023,2,15,5.48,-999.0,-999.0,425.32,-999.0,-999.0,-999.0,-999.0,-999.0,3.48,28.01,29.3,-267.2
2023,2,16,6.04,-999.0,-999.0,415.05,-999.0,-999.0,-999.0,-999.0,-999.0,3.59,27.5,28.76,-267.73
2023,2,17,6.76,-999.0,-999.0,414.29,-999.0,-999.0,-999.0,-999.0,-999.0,3.71,27.83,29.08,-266.56
2023,2,18,6.13,-999.0,-999.0,405.49,-999.0,-999.0,-999.0,-999.0,-999.0,3.7,27.89,29.15,-266.84
2023,2,19,6.64,-999.0,-999.0,426.7,-999.0,-999.0,-999.0,-999.0,-999.0,3.64,28.29,29.61,-266.14
2023,2,20,4.99,-999.0,-999.0,427.03,-999.0,-999.0,-999.0,-999.0,-999.0,3.22,27.12,27.73,-269.96
2023,2,21,6.01,-999.0,-999.0,421.88,-999.0,-999.0,-999.0,-999.0,-999.0,4.64,27.36,28.01,-268.7
2023,2,22,5.48,-999.0,-999.0,436.58,-999.0,-999.0,-999.0,-999.0,-999.0,4.42,28.14,29.21,-267.05
2023,2,23,6.49,-999.0,-999.0,416.88,-999.0,-999.0,-999.0,-999.0,-999.0,4.23,27.98,29.16,-266.87
2023,2,24,6.83,-999.0,-999.0,410.59,-999.0,-999.0,-999.0,-999.0,-999.0,3.47,27.85,29.28,-266.65
2023,2,25,5.25,-999.0,-999.0,412.84,-999.0,-999.0,-999.0,-999.0,-999.0,3.12,27.6,29.1,-266.38
2023,2,26,7.2,-999.0,-999.0,408.66,-999.0,-999.0,-999.0,-999.0,-999.0,3.59,27.95,29.48,-266.27
2023,2,27,7.41,7.57,-999.0,404.59,-999.0,-999.0,-999.0,-999.0,-999.0,3.92,27.56,29.16,-266.81
2023,2,28,7.31,7.6,-999.0,401.8,-999.0,-999.0,-999.0,-999.0,-999.0,4.06,27.68,29.17,-266.4
2023,3,1,7.04,-999.0,-999.0,410.62,-999.0,-999.0,-999.0,-999.0,-999.0,4.24,28.06,29.2,-266.38
2023,3,2,7.21,-999.0,-999.0,417.81,-999.0,-999.0,-999.0,-999.0,-999.0,4.45,28.04,29.41,-266.72
2023,3,3,7.22,-999.0,-999.0,405.13,-999.0,-999.0,-999.0,-999.0,-999.0,3.77,27.97,29.44,-266.53
2023,3,4,7.5,-999.0,-999.0,396.57,-999.0,-999.0,-999.0,-999.0,-999.0,3.84,27.93,29.39,-266.39
2023,3,5,7.17,-999.0,-999.0,399.81,-999.0,-999.0,-999.0,-999.0,-999.0,3.62,28.15,29.65,-265.91
2023,3,6,6.55,-999.0,-999.0,404.08,-999.0,-999.0,-999.0,-999.0,-999.0,4.12,28.52,29.9,-266.25
2023,3,7,6.24,-999.0,-999.0,408.87,-999.0,-999.0,-999.0,-999.0,-999.0,4.69,28.64,29.87,-267.06
2023,3,8,7.25,-999.0,-999.0,414.05,-999.0,-999.0,-999.0,-999.0,-999.0,4.55,28.34,29.63,-267.19
2023,3,9,6.24,-999.0,-999.0,409.48,-999.0,-999.0,-999.0,-999.0,-999.0,4.57,27.98,28.98,-267.83
2023,3,10,6.32,-999.0,-999.0,417.0,-999.0,-999.0,-999.0,-999.0,-999.0,3.76,27.82,29.22,-267.05
2023,3,11,7.19,-999.0,-999.0,420.19,-999.0,-999.0,-999.0,-999.0,-999.0,3.62,28.15,29.89,-265.7
2023,3,12,6.85,-999.0,-999.0,430.26,-999.0,-999.0,-999.0,-999.0,-999.0,3.7,28.3,30.01,-266.32
2023,3,13,6.22,-999.0,-999.0,424.37,-999.0,-999.0,-999.0,-999.0,-999.0,3.73,28.08,29.83,-266.27
2023,3,14,6.55,-999.0,-999.0,416.27,-999.0,-999.0,-999.0,-999.0,-999.0,3.38,28.38,30.12,-265.81
2023,3,15,2.86,-999.0,-999.0,440.01,-999.0,-999.0,-999.0,-999.0,-999.0,3.02,26.7,27.48,-269.13
